vid,mos,width,height,pixfmt,framerate,nb_frames,bitdepth,bitrate
Animation_360P-08c9_crf_10_ss_00_t_20.0,3.652,640,360,yuv420p,30.0,600,8,2677920
Animation_360P-188f_crf_10_ss_00_t_20.0,3.702,640,360,yuv420p,30.0,600,8,1757961
Animation_360P-24d4_crf_10_ss_00_t_20.0,3.435,480,360,yuv420p,30.0,599,8,2325007
Animation_360P-3e40_crf_10_ss_00_t_20.0,2.353,640,360,yuv420p,30.0,600,8,2994702
Animation_360P-3e52_crf_10_ss_00_t_20.0,3.651,640,360,yuv420p,30.0,600,8,1299064
Animation_360P-47cc_crf_10_ss_00_t_20.0,3.282,640,360,yuv420p,30.0,600,8,2107376
Animation_360P-4b4c_crf_10_ss_00_t_20.0,3.003,640,360,yuv420p,30.0,599,8,28174
Animation_360P-4edc_crf_10_ss_00_t_20.0,3.682,640,360,yuv420p,30.0,599,8,5325909
Animation_360P-5712_crf_10_ss_00_t_20.0,3.552,640,360,yuv420p,30.0,600,8,1653427
Animation_360P-5de0_crf_10_ss_00_t_20.0,3.429,640,360,yuv420p,30.0,600,8,2660515
Animation_360P-631c_crf_10_ss_00_t_20.0,2.236,640,360,yuv420p,30.0,600,8,1977278
Animation_360P-69e0_crf_10_ss_00_t_20.0,3.382,640,360,yuv420p,30.0,600,8,3478312
Animation_360P-7856_crf_10_ss_00_t_20.0,2.751,640,360,yuv420p,30.0,600,8,94614
Animation_360P-794f_crf_10_ss_00_t_20.0,3.362,640,360,yuv420p,30.0,600,8,3648636
CoverSong_360P-0a9d_crf_10_ss_00_t_20.0,2.538,640,360,yuv420p,30.0,599,8,1874824
CoverSong_360P-0aa2_crf_10_ss_00_t_20.0,2.511,640,360,yuv420p,30.0,600,8,3728297
CoverSong_360P-11f9_crf_10_ss_00_t_20.0,2.79,640,360,yuv420p,30.0,541,8,2768483
CoverSong_360P-13d2_crf_10_ss_00_t_20.0,2.578,640,360,yuv420p,30.0,600,8,2123773
CoverSong_360P-14b9_crf_10_ss_00_t_20.0,2.633,640,360,yuv420p,30.0,600,8,4277202
CoverSong_360P-1b2b_crf_10_ss_00_t_20.0,3.409,640,360,yuv420p,30.0,600,8,2538806
CoverSong_360P-2b4d_crf_10_ss_00_t_20.0,2.796,480,360,yuv420p,30.0,600,8,2541490
CoverSong_360P-3218_crf_10_ss_00_t_20.0,2.427,640,360,yuv420p,30.0,600,8,3118684
CoverSong_360P-4add_crf_10_ss_00_t_20.0,2.855,640,360,yuv420p,30.0,600,8,1556393
CoverSong_360P-53a6_crf_10_ss_00_t_20.0,3.235,640,360,yuv420p,30.0,600,8,2689466
CoverSong_360P-59d1_crf_10_ss_00_t_20.0,2.828,640,360,yuv420p,30.0,600,8,3602588
CoverSong_360P-5a24_crf_10_ss_00_t_20.0,2.789,640,360,yuv420p,30.0,600,8,2134460
CoverSong_360P-5d20_crf_10_ss_00_t_20.0,2.943,480,360,yuv420p,30.0,600,8,1796079
CoverSong_360P-67ec_crf_10_ss_00_t_20.0,2.404,640,360,yuv420p,30.0,600,8,2356141
CoverSong_360P-6d6a_crf_10_ss_00_t_20.0,3.273,640,360,yuv420p,30.0,592,8,2083356
CoverSong_360P-6da7_crf_10_ss_00_t_20.0,2.763,640,360,yuv420p,30.0,600,8,6856719
Gaming_360P-0b98_crf_10_ss_00_t_20.0,3.14,640,360,yuv420p,30.0,599,8,5285475
Gaming_360P-187a_crf_10_ss_00_t_20.0,3.133,640,360,yuv420p,30.0,600,8,1259342
Gaming_360P-2164_crf_10_ss_00_t_20.0,3.245,640,360,yuv420p,30.0,600,8,10688633
Gaming_360P-2330_crf_10_ss_00_t_20.0,2.607,640,360,yuv420p,30.0,600,8,3556017
Gaming_360P-2f99_crf_10_ss_00_t_20.0,3.281,640,360,yuv420p,30.0,600,8,8117244
Gaming_360P-3794_crf_10_ss_00_t_20.0,1.475,640,360,yuv420p,30.0,600,8,3446536
Gaming_360P-3eb6_crf_10_ss_00_t_20.0,3.184,640,360,yuv420p,30.0,600,8,12940582
Gaming_360P-4f09_crf_10_ss_00_t_20.0,3.506,640,360,yuv420p,30.0,600,8,5633375
Gaming_360P-56fe_crf_10_ss_00_t_20.0,2.439,640,360,yuv420p,30.0,599,8,6503761
Gaming_360P-586d_crf_10_ss_00_t_20.0,3.026,640,360,yuv420p,30.0,600,8,3988166
Gaming_360P-5e0f_crf_10_ss_00_t_20.0,3.012,464,360,yuv420p,30.0,600,8,2494418
Gaming_360P-6207_crf_10_ss_00_t_20.0,3.349,640,360,yuv420p,30.0,599,8,6460655
Gaming_360P-63e6_crf_10_ss_00_t_20.0,2.636,640,360,yuv420p,30.0,600,8,4787148
Gaming_360P-73c7_crf_10_ss_00_t_20.0,3.247,640,360,yuv420p,30.0,600,8,2574154
Gaming_360P-7975_crf_10_ss_00_t_20.0,2.761,640,360,yuv420p,30.0,600,8,4583654
Gaming_360P-7acb_crf_10_ss_00_t_20.0,3.059,640,360,yuv420p,30.0,599,8,2718896
HowTo_360P-041c_crf_10_ss_00_t_20.0,3.214,640,360,yuv420p,30.0,600,8,1040161
HowTo_360P-0562_crf_10_ss_00_t_20.0,3.261,640,360,yuv420p,30.0,600,8,2143579
HowTo_360P-06be_crf_10_ss_00_t_20.0,3.601,640,360,yuv420p,30.0,600,8,1301028
HowTo_360P-09f8_crf_10_ss_00_t_20.0,2.951,640,360,yuv420p,30.0,599,8,1940945
HowTo_360P-127f_crf_10_ss_00_t_20.0,3.332,640,360,yuv420p,30.0,599,8,3345535
HowTo_360P-18e7_crf_10_ss_00_t_20.0,2.78,640,360,yuv420p,30.0,598,8,452975
HowTo_360P-1dba_crf_10_ss_00_t_20.0,1.907,640,360,yuv420p,30.0,600,8,6936536
HowTo_360P-2074_crf_10_ss_00_t_20.0,3.536,640,360,yuv420p,30.0,600,8,1756379
HowTo_360P-2a3b_crf_10_ss_00_t_20.0,2.589,640,360,yuv420p,30.0,600,8,490317
HowTo_360P-2d35_crf_10_ss_00_t_20.0,2.847,640,360,yuv420p,30.0,600,8,242639
HowTo_360P-2fd5_crf_10_ss_00_t_20.0,2.049,640,360,yuv420p,30.0,425,8,3131277
HowTo_360P-3aa6_crf_10_ss_00_t_20.0,3.019,640,360,yuv420p,30.0,600,8,41371
HowTo_360P-4276_crf_10_ss_00_t_20.0,3.448,640,360,yuv420p,30.0,600,8,2242621
HowTo_360P-4e4c_crf_10_ss_00_t_20.0,3.005,640,360,yuv420p,30.0,600,8,1727659
HowTo_360P-55e9_crf_10_ss_00_t_20.0,3.496,640,360,yuv420p,30.0,600,8,4776266
HowTo_360P-5da7_crf_10_ss_00_t_20.0,3.425,640,360,yuv420p,30.0,599,8,8010455
HowTo_360P-6093_crf_10_ss_00_t_20.0,3.205,640,360,yuv420p,30.0,600,8,1288802
HowTo_360P-6a0e_crf_10_ss_00_t_20.0,2.104,640,360,yuv420p,30.0,600,8,1395444
HowTo_360P-7dcd_crf_10_ss_00_t_20.0,3.035,640,360,yuv420p,30.0,600,8,251827
HowTo_360P-7fb1_crf_10_ss_00_t_20.0,3.322,640,360,yuv420p,30.0,600,8,4326672
Lecture_360P-03bc_crf_10_ss_00_t_20.0,2.762,640,360,yuv420p,30.0,600,8,1275460
Lecture_360P-051a_crf_10_ss_00_t_20.0,2.64,480,360,yuv420p,30.0,599,8,139621
Lecture_360P-114f_crf_10_ss_00_t_20.0,4.172,640,360,yuv420p,30.0,599,8,1487084
Lecture_360P-20c3_crf_10_ss_00_t_20.0,3.133,640,360,yuv420p,30.0,568,8,1144447
Lecture_360P-2276_crf_10_ss_00_t_20.0,3.742,640,360,yuv420p,30.0,599,8,1325493
Lecture_360P-27db_crf_10_ss_00_t_20.0,3.092,640,360,yuv420p,30.0,552,8,1315058
Lecture_360P-2c55_crf_10_ss_00_t_20.0,3.717,640,360,yuv420p,30.0,600,8,1349742
Lecture_360P-2d1f_crf_10_ss_00_t_20.0,3.62,640,360,yuv420p,30.0,600,8,1008355
Lecture_360P-30eb_crf_10_ss_00_t_20.0,3.35,640,360,yuv420p,30.0,600,8,3289619
Lecture_360P-311d_crf_10_ss_00_t_20.0,3.603,640,360,yuv420p,30.0,599,8,1662485
Lecture_360P-3590_crf_10_ss_00_t_20.0,3.703,640,360,yuv420p,30.0,600,8,6280203
Lecture_360P-44c2_crf_10_ss_00_t_20.0,3.389,640,360,yuv420p,30.0,600,8,2930894
Lecture_360P-4bb4_crf_10_ss_00_t_20.0,3.822,640,360,yuv420p,30.0,600,8,1638440
Lecture_360P-4f00_crf_10_ss_00_t_20.0,3.172,640,360,yuv420p,30.0,532,8,1494706
Lecture_360P-506c_crf_10_ss_00_t_20.0,3.168,640,360,yuv420p,30.0,533,8,947662
Lecture_360P-5594_crf_10_ss_00_t_20.0,3.367,640,360,yuv420p,30.0,600,8,5289257
Lecture_360P-5aea_crf_10_ss_00_t_20.0,3.088,640,360,yuv420p,30.0,600,8,1955010
Lecture_360P-5d0a_crf_10_ss_00_t_20.0,3.416,640,360,yuv420p,30.0,599,8,3901417
Lecture_360P-6656_crf_10_ss_00_t_20.0,3.458,640,360,yuv420p,30.0,600,8,2514956
Lecture_360P-6d29_crf_10_ss_00_t_20.0,2.99,640,360,yuv420p,30.0,599,8,2262800
Lecture_360P-7550_crf_10_ss_00_t_20.0,3.033,640,360,yuv420p,30.0,537,8,1913510
Lecture_360P-7a57_crf_10_ss_00_t_20.0,3.493,640,360,yuv420p,30.0,600,8,1789548
Lecture_360P-7f7e_crf_10_ss_00_t_20.0,3.679,640,360,yuv420p,30.0,599,8,1776989
LiveMusic_360P-121f_crf_10_ss_00_t_20.0,3.43,640,360,yuv420p,30.0,600,8,3737144
LiveMusic_360P-1d94_crf_10_ss_00_t_20.0,3.028,640,360,yuv420p,30.0,600,8,2775546
LiveMusic_360P-22c5_crf_10_ss_00_t_20.0,3.231,640,360,yuv420p,30.0,600,8,5848628
LiveMusic_360P-2508_crf_10_ss_00_t_20.0,3.004,640,360,yuv420p,30.0,600,8,5557081
LiveMusic_360P-265c_crf_10_ss_00_t_20.0,2.339,480,360,yuv420p,30.0,599,8,2475186
LiveMusic_360P-2b0f_crf_10_ss_00_t_20.0,3.401,640,360,yuv420p,30.0,599,8,4786079
LiveMusic_360P-3979_crf_10_ss_00_t_20.0,1.838,640,360,yuv420p,30.0,600,8,2078704
LiveMusic_360P-3b96_crf_10_ss_00_t_20.0,2.358,640,360,yuv420p,30.0,599,8,1858289
LiveMusic_360P-3be0_crf_10_ss_00_t_20.0,1.72,480,360,yuv420p,30.0,599,8,2161924
LiveMusic_360P-48d5_crf_10_ss_00_t_20.0,3.325,640,360,yuv420p,30.0,600,8,4083560
LiveMusic_360P-5281_crf_10_ss_00_t_20.0,3.596,640,360,yuv420p,30.0,600,8,3569382
LiveMusic_360P-54d0_crf_10_ss_00_t_20.0,3.559,640,360,yuv420p,30.0,600,8,1802846
LiveMusic_360P-5b57_crf_10_ss_00_t_20.0,2.773,640,360,yuv420p,30.0,599,8,3252234
LiveMusic_360P-6266_crf_10_ss_00_t_20.0,3.383,640,360,yuv420p,30.0,600,8,4040064
LiveMusic_360P-6640_crf_10_ss_00_t_20.0,3.11,640,360,yuv420p,30.0,600,8,2670866
LiveMusic_360P-6a65_crf_10_ss_00_t_20.0,2.427,480,360,yuv420p,30.0,599,8,4578216
LiveMusic_360P-7483_crf_10_ss_00_t_20.0,3.063,640,360,yuv420p,30.0,600,8,2261216
LyricVideo_360P-0ac7_crf_10_ss_00_t_20.0,2.964,480,360,yuv420p,30.0,600,8,2465723
LyricVideo_360P-17ce_crf_10_ss_00_t_20.0,2.83,480,360,yuv420p,30.0,600,8,828585
LyricVideo_360P-3afc_crf_10_ss_00_t_20.0,2.685,480,360,yuv420p,30.0,600,8,97962
LyricVideo_360P-5868_crf_10_ss_00_t_20.0,3.107,640,360,yuv420p,30.0,600,8,348946
LyricVideo_360P-5e87_crf_10_ss_00_t_20.0,2.999,640,360,yuv420p,30.0,600,8,318393
MusicVideo_360P-17e4_crf_10_ss_00_t_20.0,3.233,640,360,yuv420p,30.0,600,8,2539909
MusicVideo_360P-24b0_crf_10_ss_00_t_20.0,3.512,640,360,yuv420p,30.0,600,8,3136164
MusicVideo_360P-2fcb_crf_10_ss_00_t_20.0,3.619,640,360,yuv420p,30.0,600,8,2048511
MusicVideo_360P-462f_crf_10_ss_00_t_20.0,3.51,640,360,yuv420p,30.0,600,8,553650
MusicVideo_360P-4de7_crf_10_ss_00_t_20.0,2.968,480,360,yuv420p,30.0,600,8,2540626
MusicVideo_360P-5358_crf_10_ss_00_t_20.0,3.069,640,360,yuv420p,30.0,600,8,3063837
MusicVideo_360P-5578_crf_10_ss_00_t_20.0,2.873,480,360,yuv420p,30.0,600,8,1100615
MusicVideo_360P-5699_crf_10_ss_00_t_20.0,3.776,640,360,yuv420p,30.0,600,8,2944158
MusicVideo_360P-5f07_crf_10_ss_00_t_20.0,2.921,640,360,yuv420p,30.0,599,8,2748793
MusicVideo_360P-5f8d_crf_10_ss_00_t_20.0,2.437,640,360,yuv420p,30.0,600,8,4622414
MusicVideo_360P-648c_crf_10_ss_00_t_20.0,3.272,640,360,yuv420p,30.0,600,8,773049
MusicVideo_360P-7b94_crf_10_ss_00_t_20.0,2.44,640,360,yuv420p,30.0,599,8,3905374
NewsClip_360P-0376_crf_10_ss_00_t_20.0,3.095,640,360,yuv420p,30.0,600,8,2650597
NewsClip_360P-0ff8_crf_10_ss_00_t_20.0,3.518,640,360,yuv420p,30.0,600,8,1782542
NewsClip_360P-1093_crf_10_ss_00_t_20.0,3.1,480,360,yuv420p,30.0,599,8,2181196
NewsClip_360P-1b1c_crf_10_ss_00_t_20.0,3.514,640,360,yuv420p,30.0,600,8,3365528
NewsClip_360P-1e1c_crf_10_ss_00_t_20.0,3.254,480,360,yuv420p,30.0,599,8,2602987
NewsClip_360P-22ce_crf_10_ss_00_t_20.0,2.698,480,360,yuv420p,30.0,600,8,3991379
NewsClip_360P-274e_crf_10_ss_00_t_20.0,3.332,480,360,yuv420p,30.0,599,8,4925066
NewsClip_360P-2986_crf_10_ss_00_t_20.0,2.902,640,360,yuv420p,30.0,600,8,3001694
NewsClip_360P-2c91_crf_10_ss_00_t_20.0,2.859,480,320,yuv420p,30.0,600,8,4200027
NewsClip_360P-3451_crf_10_ss_00_t_20.0,2.121,480,320,yuv420p,30.0,599,8,2321495
NewsClip_360P-4288_crf_10_ss_00_t_20.0,3.393,640,352,yuv420p,30.0,600,8,2767692
NewsClip_360P-439a_crf_10_ss_00_t_20.0,3.282,480,320,yuv420p,30.0,600,8,960059
NewsClip_360P-4417_crf_10_ss_00_t_20.0,2.924,480,320,yuv420p,30.0,600,8,2350224
NewsClip_360P-5052_crf_10_ss_00_t_20.0,2.095,640,360,yuv420p,30.0,600,8,4513915
NewsClip_360P-5752_crf_10_ss_00_t_20.0,3.346,480,360,yuv420p,30.0,600,8,2869863
NewsClip_360P-5bcc_crf_10_ss_00_t_20.0,2.864,480,360,yuv420p,30.0,599,8,1627677
NewsClip_360P-5f3b_crf_10_ss_00_t_20.0,2.298,480,360,yuv420p,30.0,600,8,3636022
NewsClip_360P-66ae_crf_10_ss_00_t_20.0,3.218,480,360,yuv420p,30.0,599,8,1679770
NewsClip_360P-67ce_crf_10_ss_00_t_20.0,3.196,640,360,yuv420p,30.0,599,8,2947564
NewsClip_360P-7a96_crf_10_ss_00_t_20.0,2.291,480,360,yuv420p,30.0,600,8,2785402
Sports_360P-02c3_crf_10_ss_00_t_20.0,3.396,640,360,yuv420p,30.0,600,8,3274884
Sports_360P-0c66_crf_10_ss_00_t_20.0,3.097,720,360,yuv420p,30.0,600,8,6566367
Sports_360P-11b7_crf_10_ss_00_t_20.0,2.401,480,360,yuv420p,30.0,600,8,3330714
Sports_360P-1803_crf_10_ss_00_t_20.0,3.593,720,400,yuv420p,30.0,600,8,6421288
Sports_360P-1d5c_crf_10_ss_00_t_20.0,3.781,640,360,yuv420p,30.0,600,8,6730934
Sports_360P-2725_crf_10_ss_00_t_20.0,2.862,640,352,yuv420p,30.0,599,8,6774408
Sports_360P-27b0_crf_10_ss_00_t_20.0,2.82,640,352,yuv420p,30.0,600,8,5049197
Sports_360P-2ace_crf_10_ss_00_t_20.0,3.444,720,412,yuv420p,30.0,600,8,6359908
Sports_360P-2e48_crf_10_ss_00_t_20.0,2.744,512,384,yuv420p,30.0,600,8,5825618
Sports_360P-301d_crf_10_ss_00_t_20.0,3.667,720,400,yuv420p,30.0,600,8,11292228
Sports_360P-32d3_crf_10_ss_00_t_20.0,3.012,640,352,yuv420p,30.0,599,8,9969521
Sports_360P-3960_crf_10_ss_00_t_20.0,2.787,480,360,yuv420p,30.0,600,8,2753380
Sports_360P-3e68_crf_10_ss_00_t_20.0,2.508,640,360,yuv420p,30.0,600,8,2364417
Sports_360P-4545_crf_10_ss_00_t_20.0,2.432,624,464,yuv420p,30.0,600,8,5025602
Sports_360P-4802_crf_10_ss_00_t_20.0,2.582,628,468,yuv420p,30.0,600,8,6662433
Sports_360P-4ad7_crf_10_ss_00_t_20.0,2.327,632,468,yuv420p,30.0,599,8,5262520
Sports_360P-50fd_crf_10_ss_00_t_20.0,3.011,718,366,yuv420p,30.0,600,8,13457485
Sports_360P-5252_crf_10_ss_00_t_20.0,2.538,624,464,yuv420p,30.0,600,8,5124418
Sports_360P-5ded_crf_10_ss_00_t_20.0,3.784,684,384,yuv420p,30.0,600,8,3854628
Sports_360P-61f6_crf_10_ss_00_t_20.0,3.393,720,400,yuv420p,30.0,600,8,3951851
Sports_360P-65f3_crf_10_ss_00_t_20.0,2.826,360,360,yuv420p,30.0,600,8,3673365
Sports_360P-6b4f_crf_10_ss_00_t_20.0,2.981,720,406,yuv420p,30.0,600,8,10638149
Sports_360P-6c6f_crf_10_ss_00_t_20.0,2.556,480,360,yuv420p,30.0,600,8,7261021
Sports_360P-6f62_crf_10_ss_00_t_20.0,3.594,640,360,yuv420p,30.0,600,8,5264789
Sports_360P-7f50_crf_10_ss_00_t_20.0,1.963,624,464,yuv420p,30.0,600,8,8386780
TelevisionClip_360P-0951_crf_10_ss_00_t_20.0,2.511,642,360,yuv420p,30.0,538,8,1387010
TelevisionClip_360P-11d5_crf_10_ss_00_t_20.0,2.842,540,360,yuv420p,30.0,594,8,3967445
TelevisionClip_360P-29f1_crf_10_ss_00_t_20.0,2.581,480,360,yuv420p,30.0,600,8,859299
TelevisionClip_360P-3b9a_crf_10_ss_00_t_20.0,2.883,480,360,yuv420p,30.0,600,8,3981680
TelevisionClip_360P-74dd_crf_10_ss_00_t_20.0,3.58,640,360,yuv420p,30.0,600,8,4131516
TelevisionClip_360P-7b23_crf_10_ss_00_t_20.0,2.997,640,360,yuv420p,30.0,600,8,3362839
VerticalVideo_360P-0d29_crf_10_ss_00_t_20.0,2.809,480,640,yuv420p,30.0,543,8,2700011
VerticalVideo_360P-1424_crf_10_ss_00_t_20.0,3.732,480,800,yuv420p,30.0,600,8,9295440
VerticalVideo_360P-145e_crf_10_ss_00_t_20.0,2.606,480,640,yuv420p,30.0,599,8,10931753
VerticalVideo_360P-2bb0_crf_10_ss_00_t_20.0,3.073,480,720,yuv420p,30.0,599,8,5153271
VerticalVideo_360P-2fa3_crf_10_ss_00_t_20.0,4.331,540,720,yuv420p,30.0,600,8,1666863
VerticalVideo_360P-3936_crf_10_ss_00_t_20.0,3.794,270,480,yuv420p,30.0,600,8,2520774
VerticalVideo_360P-3b4e_crf_10_ss_00_t_20.0,3.576,480,640,yuv420p,30.0,600,8,9672430
VerticalVideo_360P-5429_crf_10_ss_00_t_20.0,3.616,352,640,yuv420p,30.0,600,8,6027926
VerticalVideo_360P-54f7_crf_10_ss_00_t_20.0,4.146,480,800,yuv420p,30.0,498,8,4012413
VerticalVideo_360P-634f_crf_10_ss_00_t_20.0,4.523,432,768,yuv420p,30.0,599,8,9144826
VerticalVideo_360P-6490_crf_10_ss_00_t_20.0,2.973,480,720,yuv420p,30.0,600,8,4440504
VerticalVideo_360P-6ff2_crf_10_ss_00_t_20.0,3.543,480,640,yuv420p,30.0,600,8,10242160
VerticalVideo_360P-70a9_crf_10_ss_00_t_20.0,2.814,480,720,yuv420p,30.0,600,8,9137886
VerticalVideo_360P-7ba8_crf_10_ss_00_t_20.0,3.563,720,720,yuv420p,30.0,600,8,26632024
VerticalVideo_360P-7ec3_crf_10_ss_00_t_20.0,3.909,406,720,yuv420p,30.0,600,8,3699273
Vlog_360P-1e5b_crf_10_ss_00_t_20.0,3.266,640,360,yuv420p,30.0,599,8,4143932
Vlog_360P-22a0_crf_10_ss_00_t_20.0,3.286,640,360,yuv420p,30.0,599,8,6063972
Vlog_360P-2973_crf_10_ss_00_t_20.0,2.902,640,360,yuv420p,30.0,600,8,1845105
Vlog_360P-2e9d_crf_10_ss_00_t_20.0,2.746,640,360,yuv420p,30.0,600,8,1447963
Vlog_360P-3121_crf_10_ss_00_t_20.0,2.775,640,360,yuv420p,30.0,600,8,14940866
Vlog_360P-433e_crf_10_ss_00_t_20.0,3.198,640,360,yuv420p,30.0,599,8,1945089
Vlog_360P-4697_crf_10_ss_00_t_20.0,3.551,640,360,yuv420p,30.0,600,8,2339946
Vlog_360P-4795_crf_10_ss_00_t_20.0,2.479,640,360,yuv420p,30.0,600,8,6425381
Vlog_360P-76ae_crf_10_ss_00_t_20.0,2.606,640,360,yuv420p,30.0,600,8,3060738
Vlog_360P-7efe_crf_10_ss_00_t_20.0,2.912,640,360,yuv420p,30.0,600,8,6828311
Animation_480P-046c_crf_10_ss_00_t_20.0,3.15,640,480,yuv420p,30.0,600,8,4765091
Animation_480P-073c_crf_10_ss_00_t_20.0,3.407,640,480,yuv420p,30.0,599,8,2858745
Animation_480P-087e_crf_10_ss_00_t_20.0,3.525,720,480,yuv420p,30.0,407,8,2899898
Animation_480P-08a5_crf_10_ss_00_t_20.0,3.42,640,480,yuv420p,30.0,600,8,10545306
Animation_480P-0d04_crf_10_ss_00_t_20.0,3.111,856,480,yuv420p,30.0,599,8,794602
Animation_480P-35ee_crf_10_ss_00_t_20.0,3.29,720,480,yuv420p,30.0,600,8,511852
Animation_480P-3fdf_crf_10_ss_00_t_20.0,3.465,640,480,yuv420p,30.0,599,8,17238640
Animation_480P-4b86_crf_10_ss_00_t_20.0,3.495,720,480,yuv420p,30.0,600,8,633267
Animation_480P-4e36_crf_10_ss_00_t_20.0,3.303,640,480,yuv420p,30.0,600,8,394270
Animation_480P-52af_crf_10_ss_00_t_20.0,3.656,854,480,yuv420p,30.0,600,8,990524
Animation_480P-6e23_crf_10_ss_00_t_20.0,3.731,854,480,yuv420p,30.0,600,8,556978
Animation_480P-6ef6_crf_10_ss_00_t_20.0,3.607,640,480,yuv420p,30.0,600,8,501406
Animation_480P-70d4_crf_10_ss_00_t_20.0,3.848,720,480,yuv420p,30.0,600,8,1242475
Animation_480P-791b_crf_10_ss_00_t_20.0,3.286,640,480,yuv420p,30.0,600,8,168927
Animation_480P-7a31_crf_10_ss_00_t_20.0,3.487,640,480,yuv420p,30.0,593,8,3302688
Animation_480P-7ef2_crf_10_ss_00_t_20.0,3.164,854,480,yuv420p,30.0,599,8,2166075
CoverSong_480P-0170_crf_10_ss_00_t_20.0,3.118,640,480,yuv420p,30.0,596,8,3748688
CoverSong_480P-1019_crf_10_ss_00_t_20.0,3.815,640,480,yuv420p,30.0,600,8,3267455
CoverSong_480P-1109_crf_10_ss_00_t_20.0,2.826,640,480,yuv420p,30.0,600,8,2514643
CoverSong_480P-2142_crf_10_ss_00_t_20.0,3.25,854,480,yuv420p,30.0,600,8,7976930
CoverSong_480P-2207_crf_10_ss_00_t_20.0,2.934,640,480,yuv420p,30.0,600,8,10529084
CoverSong_480P-2d2c_crf_10_ss_00_t_20.0,3.837,640,480,yuv420p,30.0,600,8,8467605
CoverSong_480P-3076_crf_10_ss_00_t_20.0,1.71,640,480,yuv420p,30.0,600,8,9731638
CoverSong_480P-35e1_crf_10_ss_00_t_20.0,3.608,640,480,yuv420p,30.0,599,8,6878130
CoverSong_480P-3e4b_crf_10_ss_00_t_20.0,2.877,640,480,yuv420p,30.0,600,8,1184689
CoverSong_480P-3e92_crf_10_ss_00_t_20.0,4.235,640,480,yuv420p,30.0,600,8,11087668
CoverSong_480P-3f3b_crf_10_ss_00_t_20.0,3.027,640,480,yuv420p,30.0,599,8,10741082
CoverSong_480P-4d34_crf_10_ss_00_t_20.0,2.677,640,480,yuv420p,30.0,594,8,2477317
CoverSong_480P-53f4_crf_10_ss_00_t_20.0,3.169,640,480,yuv420p,30.0,600,8,16030059
CoverSong_480P-59f2_crf_10_ss_00_t_20.0,3.418,720,480,yuv420p,30.0,405,8,3387387
CoverSong_480P-5b62_crf_10_ss_00_t_20.0,3.056,640,480,yuv420p,30.0,600,8,15276844
CoverSong_480P-60a6_crf_10_ss_00_t_20.0,2.369,640,480,yuv420p,30.0,592,8,3228643
CoverSong_480P-64d0_crf_10_ss_00_t_20.0,3.917,640,480,yuv420p,30.0,600,8,2851883
CoverSong_480P-6c3e_crf_10_ss_00_t_20.0,2.502,720,480,yuv420p,30.0,600,8,9599730
CoverSong_480P-6c50_crf_10_ss_00_t_20.0,2.729,640,480,yuv420p,30.0,600,8,10846322
CoverSong_480P-7f6d_crf_10_ss_00_t_20.0,3.048,854,480,yuv420p,30.0,600,8,4262079
Gaming_480P-0109_crf_10_ss_00_t_20.0,2.436,640,480,yuv420p,30.0,586,8,3273398
Gaming_480P-09ab_crf_10_ss_00_t_20.0,3.795,848,480,yuv420p,30.0,600,8,32205101
Gaming_480P-0a03_crf_10_ss_00_t_20.0,2.676,720,480,yuv420p,30.0,600,8,19208780
Gaming_480P-0d23_crf_10_ss_00_t_20.0,3.466,640,480,yuv420p,30.0,600,8,25439139
Gaming_480P-0dbc_crf_10_ss_00_t_20.0,2.973,720,480,yuv420p,30.0,600,8,19249415
Gaming_480P-14fc_crf_10_ss_00_t_20.0,3.822,854,480,yuv420p,30.0,600,8,9715971
Gaming_480P-1542_crf_10_ss_00_t_20.0,2.776,854,480,yuv420p,30.0,600,8,15755446
Gaming_480P-20ca_crf_10_ss_00_t_20.0,2.891,720,480,yuv420p,30.0,600,8,16395876
Gaming_480P-3a44_crf_10_ss_00_t_20.0,3.043,720,480,yuv420p,30.0,600,8,15313753
Gaming_480P-445b_crf_10_ss_00_t_20.0,3.714,640,480,yuv420p,30.0,600,8,6932580
Gaming_480P-4560_crf_10_ss_00_t_20.0,3.904,854,480,yuv420p,30.0,559,8,15292401
Gaming_480P-5a5a_crf_10_ss_00_t_20.0,3.478,854,480,yuv420p,30.0,600,8,6052001
Gaming_480P-61ee_crf_10_ss_00_t_20.0,3.631,640,480,yuv420p,30.0,600,8,4277644
Gaming_480P-626a_crf_10_ss_00_t_20.0,3.786,856,480,yuv420p,30.0,599,8,11456087
Gaming_480P-6491_crf_10_ss_00_t_20.0,3.013,720,480,yuv420p,30.0,600,8,24322197
Gaming_480P-6548_crf_10_ss_00_t_20.0,2.871,640,480,yuv420p,30.0,600,8,10104661
Gaming_480P-6a5a_crf_10_ss_00_t_20.0,3.468,854,480,yuv420p,30.0,600,8,3635306
Gaming_480P-6c92_crf_10_ss_00_t_20.0,2.348,864,480,yuv420p,30.0,600,8,6427011
Gaming_480P-6cdc_crf_10_ss_00_t_20.0,2.425,640,480,yuv420p,30.0,600,8,10051088
Gaming_480P-6d1e_crf_10_ss_00_t_20.0,2.674,566,480,yuv420p,30.0,600,8,2918240
Gaming_480P-6f4b_crf_10_ss_00_t_20.0,3.67,864,480,yuv420p,30.0,600,8,8318130
Gaming_480P-75f7_crf_10_ss_00_t_20.0,2.798,640,480,yuv420p,30.0,600,8,6735648
Gaming_480P-7a08_crf_10_ss_00_t_20.0,3.792,640,480,yuv420p,30.0,600,8,1709229
Gaming_480P-7e76_crf_10_ss_00_t_20.0,2.397,720,480,yuv420p,30.0,600,8,15963520
HowTo_480P-04f1_crf_10_ss_00_t_20.0,3.454,640,480,yuv420p,30.0,599,8,12527060
HowTo_480P-0cb3_crf_10_ss_00_t_20.0,3.592,640,480,yuv420p,30.0,600,8,11929812
HowTo_480P-0d00_crf_10_ss_00_t_20.0,3.998,640,480,yuv420p,30.0,600,8,6443736
HowTo_480P-0eb3_crf_10_ss_00_t_20.0,2.507,848,480,yuv420p,30.0,600,8,14353228
HowTo_480P-15c1_crf_10_ss_00_t_20.0,3.264,848,480,yuv420p,30.0,525,8,5582846
HowTo_480P-221e_crf_10_ss_00_t_20.0,3.283,640,480,yuv420p,30.0,600,8,199660
HowTo_480P-2610_crf_10_ss_00_t_20.0,2.981,640,480,yuv420p,30.0,600,8,139086
HowTo_480P-32c9_crf_10_ss_00_t_20.0,2.51,640,480,yuv420p,30.0,600,8,56572
HowTo_480P-3435_crf_10_ss_00_t_20.0,3.93,640,480,yuv420p,30.0,600,8,11109494
HowTo_480P-470b_crf_10_ss_00_t_20.0,3.858,640,480,yuv420p,30.0,600,8,6793466
HowTo_480P-4948_crf_10_ss_00_t_20.0,2.551,640,480,yuv420p,30.0,600,8,127698
HowTo_480P-4a28_crf_10_ss_00_t_20.0,3.659,720,480,yuv420p,30.0,600,8,13258222
HowTo_480P-4b6a_crf_10_ss_00_t_20.0,2.763,640,480,yuv420p,30.0,600,8,153528
HowTo_480P-4c99_crf_10_ss_00_t_20.0,2.94,850,480,yuv420p,30.0,600,8,5485072
HowTo_480P-56a5_crf_10_ss_00_t_20.0,4.085,640,480,yuv420p,30.0,600,8,16370514
HowTo_480P-60b3_crf_10_ss_00_t_20.0,3.576,640,480,yuv420p,30.0,600,8,390408
HowTo_480P-63a2_crf_10_ss_00_t_20.0,3.559,720,480,yuv420p,30.0,600,8,8653627
HowTo_480P-64a2_crf_10_ss_00_t_20.0,2.836,854,480,yuv420p,30.0,600,8,14658088
HowTo_480P-7c11_crf_10_ss_00_t_20.0,3.267,720,480,yuv420p,30.0,600,8,10863669
Lecture_480P-02f2_crf_10_ss_00_t_20.0,3.261,720,480,yuv420p,30.0,600,8,2495814
Lecture_480P-11df_crf_10_ss_00_t_20.0,3.514,720,480,yuv420p,30.0,600,8,5196722
Lecture_480P-181a_crf_10_ss_00_t_20.0,1.785,640,480,yuv420p,30.0,593,8,12310583
Lecture_480P-1ec3_crf_10_ss_00_t_20.0,3.186,720,480,yuv420p,30.0,600,8,133135
Lecture_480P-2513_crf_10_ss_00_t_20.0,1.879,640,480,yuv420p,30.0,600,8,4935277
Lecture_480P-2655_crf_10_ss_00_t_20.0,3.261,640,480,yuv420p,30.0,600,8,10696378
Lecture_480P-2ed0_crf_10_ss_00_t_20.0,1.453,640,480,yuv420p,30.0,599,8,4673428
Lecture_480P-369f_crf_10_ss_00_t_20.0,4.193,856,480,yuv420p,30.0,600,8,962448
Lecture_480P-41b7_crf_10_ss_00_t_20.0,3.328,640,480,yuv420p,30.0,600,8,2270900
Lecture_480P-4272_crf_10_ss_00_t_20.0,3.457,640,480,yuv420p,30.0,600,8,401842
Lecture_480P-42c3_crf_10_ss_00_t_20.0,3.451,638,480,yuv420p,30.0,599,8,293508
Lecture_480P-4bc3_crf_10_ss_00_t_20.0,3.93,854,480,yuv420p,30.0,600,8,12575273
Lecture_480P-4c86_crf_10_ss_00_t_20.0,3.666,720,480,yuv420p,30.0,600,8,16375687
Lecture_480P-5aee_crf_10_ss_00_t_20.0,2.606,352,480,yuv420p,30.0,600,8,7642588
Lecture_480P-5cd7_crf_10_ss_00_t_20.0,4.024,720,480,yuv420p,30.0,600,8,8163758
Lecture_480P-5f3a_crf_10_ss_00_t_20.0,2.324,352,480,yuv420p,30.0,600,8,8988353
Lecture_480P-6191_crf_10_ss_00_t_20.0,3.502,640,480,yuv420p,30.0,600,8,4177959
Lecture_480P-6b1e_crf_10_ss_00_t_20.0,3.368,640,480,yuv420p,30.0,600,8,63564
Lecture_480P-71c0_crf_10_ss_00_t_20.0,3.249,640,480,yuv420p,30.0,599,8,5357886
Lecture_480P-71d6_crf_10_ss_00_t_20.0,3.275,640,480,yuv420p,30.0,600,8,3543472
Lecture_480P-7205_crf_10_ss_00_t_20.0,3.417,640,480,yuv420p,30.0,600,8,4048362
Lecture_480P-73f6_crf_10_ss_00_t_20.0,3.256,640,480,yuv420p,30.0,600,8,4345330
Lecture_480P-74cf_crf_10_ss_00_t_20.0,3.428,720,480,yuv420p,30.0,600,8,6341179
Lecture_480P-74ea_crf_10_ss_00_t_20.0,3.258,640,480,yuv420p,30.0,600,8,6236479
Lecture_480P-7d77_crf_10_ss_00_t_20.0,3.598,640,480,yuv420p,30.0,600,8,4593184
Lecture_480P-7e55_crf_10_ss_00_t_20.0,3.538,642,480,yuv420p,30.0,600,8,1086154
Lecture_480P-7eec_crf_10_ss_00_t_20.0,3.015,854,480,yuv420p,30.0,600,8,3241979
LiveMusic_480P-0638_crf_10_ss_00_t_20.0,2.909,852,480,yuv420p,30.0,600,8,4132542
LiveMusic_480P-1a91_crf_10_ss_00_t_20.0,3.173,720,480,yuv420p,30.0,600,8,10831721
LiveMusic_480P-2019_crf_10_ss_00_t_20.0,3.631,640,480,yuv420p,30.0,599,8,8923367
LiveMusic_480P-2a5e_crf_10_ss_00_t_20.0,3.089,640,480,yuv420p,30.0,600,8,9234071
LiveMusic_480P-38f3_crf_10_ss_00_t_20.0,2.973,640,480,yuv420p,30.0,600,8,17794456
LiveMusic_480P-3d03_crf_10_ss_00_t_20.0,2.729,720,480,yuv420p,30.0,600,8,12390173
LiveMusic_480P-459c_crf_10_ss_00_t_20.0,2.755,640,480,yuv420p,30.0,600,8,14205589
LiveMusic_480P-4c3a_crf_10_ss_00_t_20.0,2.907,640,480,yuv420p,30.0,600,8,2383599
LiveMusic_480P-4f88_crf_10_ss_00_t_20.0,3.267,720,480,yuv420p,30.0,600,8,7131762
LiveMusic_480P-559d_crf_10_ss_00_t_20.0,3.695,640,480,yuv420p,30.0,600,8,2177001
LiveMusic_480P-58fb_crf_10_ss_00_t_20.0,3.502,640,480,yuv420p,30.0,600,8,8633307
LiveMusic_480P-61ef_crf_10_ss_00_t_20.0,3.153,640,480,yuv420p,30.0,600,8,4282750
LiveMusic_480P-6542_crf_10_ss_00_t_20.0,3.249,640,480,yuv420p,30.0,600,8,11872957
LiveMusic_480P-65ca_crf_10_ss_00_t_20.0,3.691,640,480,yuv420p,30.0,600,8,685855
LyricVideo_480P-0f72_crf_10_ss_00_t_20.0,2.064,848,480,yuv420p,30.0,600,8,11836212
LyricVideo_480P-1484_crf_10_ss_00_t_20.0,3.145,854,480,yuv420p,30.0,600,8,5153627
LyricVideo_480P-200a_crf_10_ss_00_t_20.0,3.063,640,480,yuv420p,30.0,596,8,340758
LyricVideo_480P-2c50_crf_10_ss_00_t_20.0,2.985,640,480,yuv420p,30.0,599,8,1946036
LyricVideo_480P-3b2c_crf_10_ss_00_t_20.0,3.472,720,480,yuv420p,30.0,600,8,11441744
LyricVideo_480P-3ccf_crf_10_ss_00_t_20.0,2.639,640,480,yuv420p,30.0,599,8,9155860
LyricVideo_480P-4346_crf_10_ss_00_t_20.0,3.193,854,480,yuv420p,30.0,600,8,3207175
LyricVideo_480P-51e4_crf_10_ss_00_t_20.0,3.179,640,480,yuv420p,30.0,599,8,14295633
LyricVideo_480P-5c17_crf_10_ss_00_t_20.0,3.344,640,480,yuv420p,30.0,600,8,1641967
LyricVideo_480P-6fca_crf_10_ss_00_t_20.0,2.572,848,480,yuv420p,30.0,600,8,11777292
LyricVideo_480P-7919_crf_10_ss_00_t_20.0,2.508,640,480,yuv420p,30.0,600,8,4343976
MusicVideo_480P-0448_crf_10_ss_00_t_20.0,3.453,640,480,yuv420p,30.0,600,8,2085280
MusicVideo_480P-12fb_crf_10_ss_00_t_20.0,3.059,640,480,yuv420p,30.0,600,8,4552239
MusicVideo_480P-184c_crf_10_ss_00_t_20.0,3.726,640,480,yuv420p,30.0,600,8,3489976
MusicVideo_480P-1eee_crf_10_ss_00_t_20.0,3.061,640,480,yuv420p,30.0,599,8,5700720
MusicVideo_480P-2de0_crf_10_ss_00_t_20.0,3.47,656,480,yuv420p,30.0,599,8,3157438
MusicVideo_480P-3aa2_crf_10_ss_00_t_20.0,2.767,854,480,yuv420p,30.0,600,8,5163352
MusicVideo_480P-3c8b_crf_10_ss_00_t_20.0,2.908,640,480,yuv420p,30.0,599,8,11513160
MusicVideo_480P-41ce_crf_10_ss_00_t_20.0,3.766,720,480,yuv420p,30.0,600,8,7671802
MusicVideo_480P-483b_crf_10_ss_00_t_20.0,1.539,720,480,yuv420p,30.0,600,8,11466842
MusicVideo_480P-4cc8_crf_10_ss_00_t_20.0,3.346,854,480,yuv420p,30.0,600,8,5760394
MusicVideo_480P-5830_crf_10_ss_00_t_20.0,3.045,640,480,yuv420p,30.0,600,8,13833684
MusicVideo_480P-6026_crf_10_ss_00_t_20.0,3.033,640,480,yuv420p,30.0,599,8,14429680
MusicVideo_480P-61ba_crf_10_ss_00_t_20.0,1.756,720,480,yuv420p,30.0,600,8,8801264
MusicVideo_480P-6fb6_crf_10_ss_00_t_20.0,3.611,640,480,yuv420p,30.0,600,8,358819
MusicVideo_480P-7643_crf_10_ss_00_t_20.0,3.093,1080,480,yuv420p,30.0,600,8,6420130
MusicVideo_480P-7955_crf_10_ss_00_t_20.0,3.509,854,480,yuv420p,30.0,600,8,7010635
NewsClip_480P-0269_crf_10_ss_00_t_20.0,3.04,720,480,yuv420p,30.0,600,8,9193540
NewsClip_480P-0ce5_crf_10_ss_00_t_20.0,3.265,720,480,yuv420p,30.0,600,8,6276780
NewsClip_480P-15fa_crf_10_ss_00_t_20.0,3.581,640,480,yuv420p,30.0,599,8,6842879
NewsClip_480P-2407_crf_10_ss_00_t_20.0,2.688,640,480,yuv420p,30.0,600,8,15189240
NewsClip_480P-28eb_crf_10_ss_00_t_20.0,2.998,728,480,yuv420p,30.0,599,8,4727060
NewsClip_480P-2b9b_crf_10_ss_00_t_20.0,2.421,640,480,yuv420p,30.0,600,8,8648606
NewsClip_480P-2ba7_crf_10_ss_00_t_20.0,2.791,640,480,yuv420p,30.0,599,8,6326100
NewsClip_480P-31bd_crf_10_ss_00_t_20.0,3.61,854,480,yuv420p,30.0,600,8,966586
NewsClip_480P-3672_crf_10_ss_00_t_20.0,3.802,640,480,yuv420p,30.0,600,8,6730386
NewsClip_480P-36d0_crf_10_ss_00_t_20.0,3.764,640,480,yuv420p,30.0,599,8,4972353
NewsClip_480P-437c_crf_10_ss_00_t_20.0,3.011,720,480,yuv420p,30.0,600,8,12294193
NewsClip_480P-49c9_crf_10_ss_00_t_20.0,3.975,640,480,yuv420p,30.0,600,8,5665818
NewsClip_480P-4a9f_crf_10_ss_00_t_20.0,2.983,720,480,yuv420p,30.0,600,8,9168492
NewsClip_480P-543f_crf_10_ss_00_t_20.0,3.423,856,480,yuv420p,30.0,599,8,5353725
NewsClip_480P-5a3b_crf_10_ss_00_t_20.0,2.237,640,480,yuv420p,30.0,600,8,5158403
NewsClip_480P-5e7f_crf_10_ss_00_t_20.0,3.105,640,480,yuv420p,30.0,600,8,3970311
NewsClip_480P-606e_crf_10_ss_00_t_20.0,2.921,856,480,yuv420p,30.0,599,8,4311009
NewsClip_480P-6615_crf_10_ss_00_t_20.0,3.51,854,480,yuv420p,30.0,600,8,3559978
NewsClip_480P-696e_crf_10_ss_00_t_20.0,3.102,640,480,yuv420p,30.0,600,8,2854518
NewsClip_480P-6bfa_crf_10_ss_00_t_20.0,3.793,640,480,yuv420p,30.0,599,8,10313413
NewsClip_480P-7232_crf_10_ss_00_t_20.0,2.991,856,480,yuv420p,30.0,599,8,8950695
NewsClip_480P-72b8_crf_10_ss_00_t_20.0,3.407,640,480,yuv420p,30.0,599,8,6369746
NewsClip_480P-7a0d_crf_10_ss_00_t_20.0,3.754,640,480,yuv420p,30.0,600,8,6511064
Sports_480P-0623_crf_10_ss_00_t_20.0,3.106,720,576,yuv420p,30.0,600,8,24962844
Sports_480P-0827_crf_10_ss_00_t_20.0,2.914,720,576,yuv420p,30.0,599,8,21063682
Sports_480P-0af9_crf_10_ss_00_t_20.0,3.765,640,480,yuv420p,30.0,600,8,2151706
Sports_480P-0bb9_crf_10_ss_00_t_20.0,3.419,720,576,yuv420p,30.0,600,8,12568072
Sports_480P-0efe_crf_10_ss_00_t_20.0,3.673,848,480,yuv420p,30.0,600,8,16295030
Sports_480P-1019_crf_10_ss_00_t_20.0,3.316,768,576,yuv420p,30.0,600,8,6880037
Sports_480P-1056_crf_10_ss_00_t_20.0,3.149,720,576,yuv420p,30.0,600,8,21731380
Sports_480P-11ec_crf_10_ss_00_t_20.0,1.612,720,480,yuv420p,30.0,600,8,7107704
Sports_480P-1396_crf_10_ss_00_t_20.0,3.459,720,576,yuv420p,30.0,600,8,10907252
Sports_480P-19e4_crf_10_ss_00_t_20.0,3.835,854,480,yuv420p,30.0,600,8,10091188
Sports_480P-1d1b_crf_10_ss_00_t_20.0,2.177,768,576,yuv420p,30.0,599,8,26370247
Sports_480P-1fe9_crf_10_ss_00_t_20.0,1.706,720,480,yuv420p,30.0,600,8,22309466
Sports_480P-2053_crf_10_ss_00_t_20.0,3.149,720,576,yuv420p,30.0,600,8,6660747
Sports_480P-211f_crf_10_ss_00_t_20.0,2.715,352,480,yuv420p,30.0,600,8,4600144
Sports_480P-2dfe_crf_10_ss_00_t_20.0,2.401,720,576,yuv420p,30.0,600,8,5458991
Sports_480P-3195_crf_10_ss_00_t_20.0,3.537,720,576,yuv420p,30.0,600,8,14326142
Sports_480P-3404_crf_10_ss_00_t_20.0,3.533,854,480,yuv420p,30.0,600,8,3725442
Sports_480P-35ea_crf_10_ss_00_t_20.0,3.668,720,480,yuv420p,30.0,600,8,14769220
Sports_480P-3ca4_crf_10_ss_00_t_20.0,2.389,720,576,yuv420p,30.0,600,8,30004058
Sports_480P-3dfd_crf_10_ss_00_t_20.0,3.498,640,480,yuv420p,30.0,600,8,2681917
Sports_480P-3f50_crf_10_ss_00_t_20.0,4.234,960,540,yuv420p,30.0,599,8,14686706
Sports_480P-41a5_crf_10_ss_00_t_20.0,1.97,854,480,yuv420p,30.0,600,8,23320326
Sports_480P-44e5_crf_10_ss_00_t_20.0,3.17,720,576,yuv420p,30.0,600,8,29373065
Sports_480P-4cf8_crf_10_ss_00_t_20.0,2.023,720,576,yuv420p,30.0,600,8,28273600
Sports_480P-5224_crf_10_ss_00_t_20.0,2.866,640,480,yuv420p,30.0,600,8,8675267
Sports_480P-5871_crf_10_ss_00_t_20.0,2.698,640,480,yuv420p,30.0,600,8,9886440
Sports_480P-5f38_crf_10_ss_00_t_20.0,3.771,360,640,yuv420p,30.0,590,8,1205055
Sports_480P-6508_crf_10_ss_00_t_20.0,3.448,720,576,yuv420p,30.0,599,8,20961500
Sports_480P-6e41_crf_10_ss_00_t_20.0,3.306,720,576,yuv420p,30.0,600,8,15093905
Sports_480P-77e3_crf_10_ss_00_t_20.0,3.053,720,480,yuv420p,30.0,600,8,11684335
Sports_480P-7f7e_crf_10_ss_00_t_20.0,1.953,720,576,yuv420p,30.0,600,8,6690617
TelevisionClip_480P-09d8_crf_10_ss_00_t_20.0,2.908,640,480,yuv420p,30.0,599,8,8179940
TelevisionClip_480P-0e46_crf_10_ss_00_t_20.0,2.881,640,480,yuv420p,30.0,600,8,16506759
TelevisionClip_480P-19d3_crf_10_ss_00_t_20.0,3.442,854,480,yuv420p,30.0,599,8,10987389
TelevisionClip_480P-1b49_crf_10_ss_00_t_20.0,3.183,640,480,yuv420p,30.0,600,8,11377915
TelevisionClip_480P-27ca_crf_10_ss_00_t_20.0,3.475,640,480,yuv420p,30.0,600,8,12006287
TelevisionClip_480P-30b6_crf_10_ss_00_t_20.0,2.609,640,480,yuv420p,30.0,600,8,3286635
TelevisionClip_480P-3284_crf_10_ss_00_t_20.0,3.169,656,480,yuv420p,30.0,600,8,3820440
TelevisionClip_480P-3617_crf_10_ss_00_t_20.0,2.312,848,480,yuv420p,30.0,600,8,12101622
TelevisionClip_480P-373d_crf_10_ss_00_t_20.0,3.044,720,480,yuv420p,30.0,600,8,4091850
TelevisionClip_480P-3c64_crf_10_ss_00_t_20.0,3.456,640,480,yuv420p,30.0,600,8,3409076
TelevisionClip_480P-415c_crf_10_ss_00_t_20.0,3.544,720,480,yuv420p,30.0,600,8,4642217
TelevisionClip_480P-436c_crf_10_ss_00_t_20.0,2.823,368,480,yuv420p,30.0,600,8,2852213
TelevisionClip_480P-4c6b_crf_10_ss_00_t_20.0,3.85,720,480,yuv420p,30.0,600,8,4051266
TelevisionClip_480P-59f0_crf_10_ss_00_t_20.0,2.896,640,480,yuv420p,30.0,600,8,3147825
TelevisionClip_480P-723e_crf_10_ss_00_t_20.0,2.882,640,480,yuv420p,30.0,600,8,6568418
VerticalVideo_480P-1bb9_crf_10_ss_00_t_20.0,3.825,768,1024,yuv420p,30.0,600,8,2838100
VerticalVideo_480P-2fa4_crf_10_ss_00_t_20.0,4.133,608,1080,yuv420p,30.0,594,8,5812748
VerticalVideo_480P-34b9_crf_10_ss_00_t_20.0,3.527,480,856,yuv420p,30.0,600,8,4827990
VerticalVideo_480P-3a6a_crf_10_ss_00_t_20.0,4.337,480,854,yuv420p,30.0,529,8,20623946
VerticalVideo_480P-419c_crf_10_ss_00_t_20.0,3.78,480,848,yuv420p,30.0,599,8,9011536
VerticalVideo_480P-467e_crf_10_ss_00_t_20.0,3.383,480,854,yuv420p,30.0,600,8,6473545
VerticalVideo_480P-550d_crf_10_ss_00_t_20.0,3.832,608,1080,yuv420p,30.0,71,8,6057167
VerticalVideo_480P-572a_crf_10_ss_00_t_20.0,3.499,480,856,yuv420p,30.0,600,8,4808912
VerticalVideo_480P-7278_crf_10_ss_00_t_20.0,3.005,612,1088,yuv420p,30.0,528,8,6038957
VerticalVideo_480P-790a_crf_10_ss_00_t_20.0,4.248,720,1080,yuv420p,30.0,599,8,383735
Vlog_480P-0980_crf_10_ss_00_t_20.0,2.755,720,480,yuv420p,30.0,600,8,857240
Vlog_480P-0ddc_crf_10_ss_00_t_20.0,4.075,720,480,yuv420p,30.0,598,8,12142756
Vlog_480P-1b39_crf_10_ss_00_t_20.0,2.325,640,480,yuv420p,30.0,600,8,7669710
Vlog_480P-206f_crf_10_ss_00_t_20.0,2.779,640,480,yuv420p,30.0,599,8,14328521
Vlog_480P-279d_crf_10_ss_00_t_20.0,3.373,720,480,yuv420p,30.0,600,8,14798111
Vlog_480P-2cad_crf_10_ss_00_t_20.0,3.244,720,480,yuv420p,30.0,600,8,16330610
Vlog_480P-34ba_crf_10_ss_00_t_20.0,3.666,640,480,yuv420p,30.0,600,8,4606053
Vlog_480P-476b_crf_10_ss_00_t_20.0,3.431,854,480,yuv420p,30.0,600,8,12959530
Vlog_480P-4beb_crf_10_ss_00_t_20.0,2.512,640,480,yuv420p,30.0,599,8,21331224
Vlog_480P-5275_crf_10_ss_00_t_20.0,3.12,640,480,yuv420p,30.0,600,8,7607898
Vlog_480P-535d_crf_10_ss_00_t_20.0,2.846,720,480,yuv420p,30.0,600,8,3835101
Vlog_480P-59dc_crf_10_ss_00_t_20.0,3.206,640,480,yuv420p,30.0,600,8,14397302
Vlog_480P-5e1c_crf_10_ss_00_t_20.0,2.581,640,480,yuv420p,30.0,90,8,842178
Vlog_480P-6395_crf_10_ss_00_t_20.0,3.755,640,480,yuv420p,30.0,600,8,9255651
Vlog_480P-6c60_crf_10_ss_00_t_20.0,2.487,640,480,yuv420p,30.0,600,8,5252261
Vlog_480P-7237_crf_10_ss_00_t_20.0,3.89,854,480,yuv420p,30.0,600,8,14632711
Vlog_480P-7615_crf_10_ss_00_t_20.0,2.588,640,480,yuv420p,30.0,600,8,21500226
Vlog_480P-7754_crf_10_ss_00_t_20.0,3.944,854,480,yuv420p,30.0,600,8,8997554
Vlog_480P-7d0c_crf_10_ss_00_t_20.0,3.577,640,480,yuv420p,30.0,600,8,11236848
Animation_720P-0116_crf_10_ss_00_t_20.0,4.054,1280,720,yuv420p,30.0,600,8,2444533
Animation_720P-01b3_crf_10_ss_00_t_20.0,3.638,1280,720,yuv420p,30.0,600,8,13671239
Animation_720P-06a6_crf_10_ss_00_t_20.0,3.942,1280,720,yuv420p,30.0,600,8,26080955
Animation_720P-13b7_crf_10_ss_00_t_20.0,4.318,1280,720,yuv420p,30.0,599,8,2037394
Animation_720P-1a6d_crf_10_ss_00_t_20.0,4.283,1280,720,yuv420p,30.0,600,8,7342120
Animation_720P-2525_crf_10_ss_00_t_20.0,3.73,1280,720,yuv420p,30.0,600,8,4336622
Animation_720P-2abf_crf_10_ss_00_t_20.0,3.615,1280,720,yuv420p,30.0,600,8,11850257
Animation_720P-3adc_crf_10_ss_00_t_20.0,3.575,1280,720,yuv420p,30.0,600,8,2164450
Animation_720P-412a_crf_10_ss_00_t_20.0,4.249,1280,720,yuv420p,30.0,599,8,10758329
Animation_720P-41cf_crf_10_ss_00_t_20.0,3.862,1280,720,yuv420p,30.0,599,8,7472223
Animation_720P-41d6_crf_10_ss_00_t_20.0,4.148,960,720,yuv420p,30.0,600,8,4359640
Animation_720P-4268_crf_10_ss_00_t_20.0,3.846,1280,720,yuv420p,30.0,600,8,15779074
Animation_720P-431c_crf_10_ss_00_t_20.0,4.396,1280,720,yuv420p,30.0,599,8,3926842
Animation_720P-57d9_crf_10_ss_00_t_20.0,3.522,1280,720,yuv420p,30.0,600,8,11047414
Animation_720P-620f_crf_10_ss_00_t_20.0,4.522,1280,720,yuv420p,30.0,600,8,5616748
Animation_720P-6372_crf_10_ss_00_t_20.0,4.422,1280,720,yuv420p,30.0,600,8,37635669
Animation_720P-79ee_crf_10_ss_00_t_20.0,2.197,1280,720,yuv420p,30.0,600,8,28150349
Animation_720P-7b29_crf_10_ss_00_t_20.0,3.862,1280,720,yuv420p,30.0,600,8,17258735
Animation_720P-7e7d_crf_10_ss_00_t_20.0,3.589,1280,720,yuv420p,30.0,599,8,51219858
Animation_720P-7ff2_crf_10_ss_00_t_20.0,4.124,1280,720,yuv420p,30.0,599,8,27484618
CoverSong_720P-014c_crf_10_ss_00_t_20.0,2.618,1280,720,yuv420p,30.0,600,8,3858261
CoverSong_720P-0239_crf_10_ss_00_t_20.0,2.52,1280,720,yuv420p,30.0,600,8,37715726
CoverSong_720P-10f1_crf_10_ss_00_t_20.0,2.805,1280,720,yuv420p,30.0,600,8,53265259
CoverSong_720P-2d05_crf_10_ss_00_t_20.0,3.224,1280,720,yuv420p,30.0,599,8,51803159
CoverSong_720P-4006_crf_10_ss_00_t_20.0,3.414,1280,720,yuv420p,30.0,600,8,37874240
CoverSong_720P-449f_crf_10_ss_00_t_20.0,3.496,1280,720,yuv420p,30.0,600,8,27193392
CoverSong_720P-5689_crf_10_ss_00_t_20.0,2.317,960,720,yuv420p,30.0,600,8,32071104
CoverSong_720P-5ba2_crf_10_ss_00_t_20.0,2.834,1280,720,yuv420p,30.0,600,8,21355523
CoverSong_720P-60d3_crf_10_ss_00_t_20.0,2.991,1280,720,yuv420p,30.0,600,8,5001092
CoverSong_720P-6626_crf_10_ss_00_t_20.0,3.316,1280,720,yuv420p,30.0,600,8,6395041
CoverSong_720P-6b8c_crf_10_ss_00_t_20.0,2.988,1280,720,yuv420p,30.0,600,8,69192337
CoverSong_720P-6d6a_crf_10_ss_00_t_20.0,3.52,1280,720,yuv420p,30.0,600,8,42251660
CoverSong_720P-6d81_crf_10_ss_00_t_20.0,3.145,1280,720,yuv420p,30.0,600,8,12995571
CoverSong_720P-7360_crf_10_ss_00_t_20.0,2.798,1280,720,yuv420p,30.0,600,8,4819959
CoverSong_720P-7539_crf_10_ss_00_t_20.0,2.348,1280,720,yuv420p,30.0,600,8,32310653
Gaming_720P-0fba_crf_10_ss_00_t_20.0,4.089,1280,720,yuv420p,30.0,600,8,28389606
Gaming_720P-0fdb_crf_10_ss_00_t_20.0,3.263,1280,720,yuv420p,30.0,600,8,7362958
Gaming_720P-103a_crf_10_ss_00_t_20.0,4.056,1280,720,yuv420p,30.0,599,8,21226899
Gaming_720P-1cbb_crf_10_ss_00_t_20.0,4.01,1280,720,yuv420p,30.0,599,8,17478396
Gaming_720P-221d_crf_10_ss_00_t_20.0,3.252,1280,720,yuv420p,30.0,452,8,9091777
Gaming_720P-25aa_crf_10_ss_00_t_20.0,2.952,1280,720,yuv420p,30.0,600,8,4788349
Gaming_720P-2dbe_crf_10_ss_00_t_20.0,4.327,1280,720,yuv420p,30.0,600,8,13633146
Gaming_720P-312f_crf_10_ss_00_t_20.0,3.826,1280,720,yuv420p,30.0,600,8,45592985
Gaming_720P-324d_crf_10_ss_00_t_20.0,3.145,3840,720,yuv420p,30.0,600,8,23721735
Gaming_720P-3524_crf_10_ss_00_t_20.0,3.11,1280,720,yuv420p,30.0,599,8,14260370
Gaming_720P-40b2_crf_10_ss_00_t_20.0,3.855,1280,720,yuv420p,30.0,600,8,34665885
Gaming_720P-469a_crf_10_ss_00_t_20.0,4.124,1280,720,yuv420p,30.0,600,8,30275962
Gaming_720P-493e_crf_10_ss_00_t_20.0,3.567,1280,720,yuv420p,30.0,600,8,24077220
Gaming_720P-4cda_crf_10_ss_00_t_20.0,3.62,1280,720,yuv420p,30.0,600,8,6306040
Gaming_720P-5973_crf_10_ss_00_t_20.0,4.067,1280,720,yuv420p,30.0,599,8,70187868
Gaming_720P-5ba2_crf_10_ss_00_t_20.0,4.281,1280,720,yuv420p,30.0,599,8,28710662
Gaming_720P-6403_crf_10_ss_00_t_20.0,4.023,1280,720,yuv420p,30.0,599,8,25022023
Gaming_720P-64b0_crf_10_ss_00_t_20.0,4.396,1280,720,yuv420p,30.0,600,8,50727760
Gaming_720P-6625_crf_10_ss_00_t_20.0,3.813,1280,720,yuv420p,30.0,600,8,17800977
Gaming_720P-6658_crf_10_ss_00_t_20.0,3.715,1280,720,yuv420p,30.0,599,8,11332323
Gaming_720P-6a45_crf_10_ss_00_t_20.0,3.967,1280,720,yuv420p,30.0,600,8,10039259
HowTo_720P-06eb_crf_10_ss_00_t_20.0,4.13,1280,720,yuv420p,30.0,600,8,199938
HowTo_720P-0a67_crf_10_ss_00_t_20.0,4.315,1280,720,yuv420p,30.0,600,8,24614509
HowTo_720P-0b01_crf_10_ss_00_t_20.0,4.111,1280,720,yuv420p,30.0,600,8,13282581
HowTo_720P-12f7_crf_10_ss_00_t_20.0,3.3,1280,720,yuv420p,30.0,600,8,9975439
HowTo_720P-21c6_crf_10_ss_00_t_20.0,2.838,1280,720,yuv420p,30.0,600,8,33448004
HowTo_720P-269e_crf_10_ss_00_t_20.0,3.643,1280,720,yuv420p,30.0,600,8,2635525
HowTo_720P-37d0_crf_10_ss_00_t_20.0,4.429,1280,720,yuv420p,30.0,600,8,5426784
HowTo_720P-3813_crf_10_ss_00_t_20.0,3.072,1280,720,yuv420p,30.0,599,8,41614473
HowTo_720P-3a5d_crf_10_ss_00_t_20.0,2.536,1280,720,yuv420p,30.0,600,8,14417341
HowTo_720P-479b_crf_10_ss_00_t_20.0,3.62,1280,720,yuv420p,30.0,600,8,22209105
HowTo_720P-483c_crf_10_ss_00_t_20.0,3.485,1280,720,yuv420p,30.0,600,8,18136611
HowTo_720P-4d55_crf_10_ss_00_t_20.0,3.947,1280,720,yuv420p,30.0,600,8,33824710
HowTo_720P-4d9e_crf_10_ss_00_t_20.0,3.688,1280,720,yuv420p,30.0,599,8,208676
HowTo_720P-6323_crf_10_ss_00_t_20.0,3.732,1280,720,yuv420p,30.0,600,8,13169474
HowTo_720P-6791_crf_10_ss_00_t_20.0,2.263,1280,720,yuv420p,30.0,599,8,14920872
HowTo_720P-7878_crf_10_ss_00_t_20.0,3.674,1280,720,yuv420p,30.0,599,8,12486461
HowTo_720P-7c38_crf_10_ss_00_t_20.0,4.074,1280,720,yuv420p,30.0,600,8,6449320
Lecture_720P-003a_crf_10_ss_00_t_20.0,3.812,1280,720,yuv420p,30.0,599,8,13128999
Lecture_720P-07e0_crf_10_ss_00_t_20.0,4.082,1280,720,yuv420p,30.0,600,8,30112330
Lecture_720P-094d_crf_10_ss_00_t_20.0,3.616,1280,720,yuv420p,30.0,600,8,20283661
Lecture_720P-0f64_crf_10_ss_00_t_20.0,3.58,1280,720,yuv420p,30.0,600,8,7943710
Lecture_720P-1033_crf_10_ss_00_t_20.0,3.541,1280,720,yuv420p,30.0,599,8,13733735
Lecture_720P-10bc_crf_10_ss_00_t_20.0,3.116,1280,720,yuv420p,30.0,561,8,13383685
Lecture_720P-11e7_crf_10_ss_00_t_20.0,2.569,1280,720,yuv420p,30.0,599,8,20130072
Lecture_720P-1e62_crf_10_ss_00_t_20.0,3.958,1280,720,yuv420p,30.0,600,8,31704906
Lecture_720P-1f22_crf_10_ss_00_t_20.0,4.233,1280,720,yuv420p,30.0,599,8,6388388
Lecture_720P-2442_crf_10_ss_00_t_20.0,3.39,1280,720,yuv420p,30.0,600,8,734703
Lecture_720P-2b0f_crf_10_ss_00_t_20.0,3.852,1152,720,yuv420p,30.0,241,8,216283
Lecture_720P-2f38_crf_10_ss_00_t_20.0,3.552,1280,720,yuv420p,30.0,600,8,4142227
Lecture_720P-2f8c_crf_10_ss_00_t_20.0,3.839,1280,720,yuv420p,30.0,599,8,7750551
Lecture_720P-3b7f_crf_10_ss_00_t_20.0,4.106,1280,720,yuv420p,30.0,600,8,21664185
Lecture_720P-3f9f_crf_10_ss_00_t_20.0,3.479,956,720,yuv420p,30.0,599,8,10266177
Lecture_720P-4c87_crf_10_ss_00_t_20.0,3.743,1280,720,yuv420p,30.0,600,8,22743141
Lecture_720P-50b9_crf_10_ss_00_t_20.0,3.579,1280,720,yuv420p,30.0,600,8,16680031
Lecture_720P-5120_crf_10_ss_00_t_20.0,4.295,1280,720,yuv420p,30.0,600,8,6960223
Lecture_720P-53a1_crf_10_ss_00_t_20.0,3.586,1280,720,yuv420p,30.0,600,8,8831498
Lecture_720P-5725_crf_10_ss_00_t_20.0,4.262,1280,720,yuv420p,30.0,600,8,17879417
Lecture_720P-5c7e_crf_10_ss_00_t_20.0,3.846,1280,720,yuv420p,30.0,600,8,1821462
Lecture_720P-6016_crf_10_ss_00_t_20.0,3.043,1280,720,yuv420p,30.0,600,8,20604034
Lecture_720P-6951_crf_10_ss_00_t_20.0,4.163,1280,720,yuv420p,30.0,600,8,17782981
Lecture_720P-7189_crf_10_ss_00_t_20.0,3.869,1280,720,yuv420p,30.0,600,8,4694278
Lecture_720P-7e40_crf_10_ss_00_t_20.0,4.246,1280,720,yuv420p,30.0,600,8,3998548
LiveMusic_720P-0cd5_crf_10_ss_00_t_20.0,4.042,1280,720,yuv420p,30.0,599,8,3953338
LiveMusic_720P-0d9f_crf_10_ss_00_t_20.0,3.319,1280,720,yuv420p,30.0,600,8,35251526
LiveMusic_720P-2620_crf_10_ss_00_t_20.0,3.721,1280,720,yuv420p,30.0,600,8,34244025
LiveMusic_720P-267b_crf_10_ss_00_t_20.0,3.525,1280,720,yuv420p,30.0,600,8,18627710
LiveMusic_720P-289b_crf_10_ss_00_t_20.0,2.436,1280,720,yuv420p,30.0,600,8,13345059
LiveMusic_720P-3320_crf_10_ss_00_t_20.0,3.45,1280,720,yuv420p,30.0,600,8,9068939
LiveMusic_720P-4ae2_crf_10_ss_00_t_20.0,3.285,1280,720,yuv420p,30.0,600,8,29036660
LiveMusic_720P-58db_crf_10_ss_00_t_20.0,4.382,1280,720,yuv420p,30.0,600,8,23091394
LiveMusic_720P-6343_crf_10_ss_00_t_20.0,3.304,1280,720,yuv420p,30.0,600,8,26805063
LiveMusic_720P-6452_crf_10_ss_00_t_20.0,3.098,1280,720,yuv420p,30.0,600,8,25876636
LiveMusic_720P-653e_crf_10_ss_00_t_20.0,3.112,1280,720,yuv420p,30.0,600,8,5522338
LiveMusic_720P-65f6_crf_10_ss_00_t_20.0,4.019,1280,720,yuv420p,30.0,600,8,6165352
LiveMusic_720P-66df_crf_10_ss_00_t_20.0,4.592,1280,720,yuv420p,30.0,599,8,18770404
LiveMusic_720P-71c5_crf_10_ss_00_t_20.0,3.605,1280,720,yuv420p,30.0,599,8,14014972
LyricVideo_720P-068d_crf_10_ss_00_t_20.0,3.825,1280,720,yuv420p,30.0,600,8,263083
LyricVideo_720P-0940_crf_10_ss_00_t_20.0,3.045,1280,720,yuv420p,30.0,600,8,24160380
LyricVideo_720P-0ae4_crf_10_ss_00_t_20.0,3.717,1280,720,yuv420p,30.0,600,8,24625242
LyricVideo_720P-1c89_crf_10_ss_00_t_20.0,3.93,1280,720,yuv420p,30.0,600,8,659833
LyricVideo_720P-2d24_crf_10_ss_00_t_20.0,4.199,1280,720,yuv420p,30.0,600,8,30206
LyricVideo_720P-36fb_crf_10_ss_00_t_20.0,3.839,1280,720,yuv420p,30.0,600,8,5263133
LyricVideo_720P-4253_crf_10_ss_00_t_20.0,4.066,1280,720,yuv420p,30.0,599,8,2821373
LyricVideo_720P-47a9_crf_10_ss_00_t_20.0,2.816,1280,720,yuv420p,30.0,599,8,11593983
LyricVideo_720P-59ed_crf_10_ss_00_t_20.0,4.315,1280,720,yuv420p,30.0,600,8,6254693
LyricVideo_720P-5d3a_crf_10_ss_00_t_20.0,3.939,960,720,yuv420p,30.0,600,8,2156182
LyricVideo_720P-6f0c_crf_10_ss_00_t_20.0,2.803,1280,720,yuv420p,30.0,600,8,17346794
LyricVideo_720P-6fc9_crf_10_ss_00_t_20.0,2.671,1280,720,yuv420p,30.0,599,8,18954669
LyricVideo_720P-739a_crf_10_ss_00_t_20.0,2.877,1280,720,yuv420p,30.0,600,8,2224672
LyricVideo_720P-74a0_crf_10_ss_00_t_20.0,4.415,1280,720,yuv420p,30.0,600,8,22475366
LyricVideo_720P-7f44_crf_10_ss_00_t_20.0,4.196,1280,720,yuv420p,30.0,600,8,532498
MusicVideo_720P-0355_crf_10_ss_00_t_20.0,1.907,1280,720,yuv420p,30.0,600,8,33996745
MusicVideo_720P-0752_crf_10_ss_00_t_20.0,4.365,1280,720,yuv420p,30.0,600,8,18626942
MusicVideo_720P-14f0_crf_10_ss_00_t_20.0,2.382,1280,720,yuv420p,30.0,600,8,2345530
MusicVideo_720P-2d7d_crf_10_ss_00_t_20.0,2.988,1280,720,yuv420p,30.0,600,8,14625318
MusicVideo_720P-3698_crf_10_ss_00_t_20.0,4.378,1280,720,yuv420p,30.0,600,8,17534136
MusicVideo_720P-3c4c_crf_10_ss_00_t_20.0,4.135,1280,720,yuv420p,30.0,599,8,10050642
MusicVideo_720P-44c1_crf_10_ss_00_t_20.0,4.499,1280,720,yuv420p,30.0,600,8,21813839
MusicVideo_720P-4ad2_crf_10_ss_00_t_20.0,3.756,1280,720,yuv420p,30.0,600,8,11959432
MusicVideo_720P-575d_crf_10_ss_00_t_20.0,3.242,1280,720,yuv420p,30.0,599,8,56588655
MusicVideo_720P-5c9c_crf_10_ss_00_t_20.0,2.471,1280,720,yuv420p,30.0,600,8,26326664
MusicVideo_720P-62df_crf_10_ss_00_t_20.0,4.246,1280,720,yuv420p,30.0,599,8,18497820
MusicVideo_720P-734f_crf_10_ss_00_t_20.0,3.848,1280,720,yuv420p,30.0,600,8,8748868
MusicVideo_720P-7bcf_crf_10_ss_00_t_20.0,3.536,1280,720,yuv420p,30.0,600,8,10293252
NewsClip_720P-04ba_crf_10_ss_00_t_20.0,3.49,1280,720,yuv420p,30.0,599,8,11447576
NewsClip_720P-0c81_crf_10_ss_00_t_20.0,3.893,1280,720,yuv420p,30.0,599,8,8245199
NewsClip_720P-1971_crf_10_ss_00_t_20.0,4.272,1280,720,yuv420p,30.0,600,8,29935251
NewsClip_720P-2182_crf_10_ss_00_t_20.0,3.494,1280,720,yuv420p,30.0,600,8,44398038
NewsClip_720P-23e0_crf_10_ss_00_t_20.0,4.11,1280,720,yuv420p,30.0,600,8,25035895
NewsClip_720P-2882_crf_10_ss_00_t_20.0,3.667,1280,720,yuv420p,30.0,600,8,20493057
NewsClip_720P-35d9_crf_10_ss_00_t_20.0,3.017,1280,720,yuv420p,30.0,599,8,5814517
NewsClip_720P-37f7_crf_10_ss_00_t_20.0,3.716,1280,720,yuv420p,30.0,600,8,12061315
NewsClip_720P-4603_crf_10_ss_00_t_20.0,3.454,1280,720,yuv420p,30.0,599,8,9793226
NewsClip_720P-4e87_crf_10_ss_00_t_20.0,4.368,1280,720,yuv420p,30.0,600,8,24521271
NewsClip_720P-5564_crf_10_ss_00_t_20.0,4.377,1280,720,yuv420p,30.0,599,8,14675854
NewsClip_720P-5787_crf_10_ss_00_t_20.0,4.483,1280,720,yuv420p,30.0,600,8,18483706
NewsClip_720P-579b_crf_10_ss_00_t_20.0,2.866,1280,720,yuv420p,30.0,600,8,25740356
NewsClip_720P-6016_crf_10_ss_00_t_20.0,4.522,1280,720,yuv420p,30.0,599,8,13132258
NewsClip_720P-6106_crf_10_ss_00_t_20.0,2.996,1280,720,yuv420p,30.0,599,8,37416974
NewsClip_720P-672c_crf_10_ss_00_t_20.0,3.987,1280,720,yuv420p,30.0,599,8,18229598
NewsClip_720P-6a19_crf_10_ss_00_t_20.0,3.547,1280,720,yuv420p,30.0,600,8,9279700
NewsClip_720P-6cde_crf_10_ss_00_t_20.0,4.297,1280,720,yuv420p,30.0,599,8,17368200
NewsClip_720P-72d2_crf_10_ss_00_t_20.0,4.357,1280,720,yuv420p,30.0,600,8,15780337
NewsClip_720P-739b_crf_10_ss_00_t_20.0,4.007,1280,720,yuv420p,30.0,600,8,27769684
NewsClip_720P-7745_crf_10_ss_00_t_20.0,4.528,1280,720,yuv420p,30.0,600,8,14678629
NewsClip_720P-7b7e_crf_10_ss_00_t_20.0,4.145,1280,720,yuv420p,30.0,600,8,25380695
NewsClip_720P-7b97_crf_10_ss_00_t_20.0,2.803,1280,720,yuv420p,30.0,600,8,7818175
NewsClip_720P-7c67_crf_10_ss_00_t_20.0,4.434,1280,720,yuv420p,30.0,600,8,3854429
NewsClip_720P-7e56_crf_10_ss_00_t_20.0,4.41,1280,720,yuv420p,30.0,600,8,3207910
Sports_720P-00a1_crf_10_ss_00_t_20.0,4.061,1280,960,yuv420p,30.0,600,8,70938000
Sports_720P-0104_crf_10_ss_00_t_20.0,4.223,1280,720,yuv420p,30.0,599,8,21485431
Sports_720P-058f_crf_10_ss_00_t_20.0,4.28,1280,720,yuv420p,30.0,600,8,58748899
Sports_720P-07d0_crf_10_ss_00_t_20.0,3.863,1280,720,yuv420p,30.0,600,8,7093934
Sports_720P-0b9e_crf_10_ss_00_t_20.0,3.942,1280,720,yuv420p,30.0,599,8,56668265
Sports_720P-17fb_crf_10_ss_00_t_20.0,3.591,1280,720,yuv420p,30.0,596,8,39049675
Sports_720P-2191_crf_10_ss_00_t_20.0,3.789,1280,720,yuv420p,30.0,600,8,23836799
Sports_720P-2234_crf_10_ss_00_t_20.0,4.16,1280,720,yuv420p,30.0,600,8,18624366
Sports_720P-2632_crf_10_ss_00_t_20.0,3.884,1280,720,yuv420p,30.0,600,8,33152734
Sports_720P-2c06_crf_10_ss_00_t_20.0,3.978,1280,720,yuv420p,30.0,599,8,25831569
Sports_720P-2c80_crf_10_ss_00_t_20.0,3.136,1280,720,yuv420p,30.0,599,8,45156894
Sports_720P-3072_crf_10_ss_00_t_20.0,3.18,1280,720,yuv420p,30.0,600,8,24960081
Sports_720P-3338_crf_10_ss_00_t_20.0,4.483,1280,720,yuv420p,30.0,600,8,13470348
Sports_720P-33c6_crf_10_ss_00_t_20.0,2.985,1280,720,yuv420p,30.0,599,8,23845371
Sports_720P-38a1_crf_10_ss_00_t_20.0,3.165,1280,720,yuv420p,30.0,600,8,13625120
Sports_720P-3eb4_crf_10_ss_00_t_20.0,3.802,1280,720,yuv420p,30.0,600,8,4772970
Sports_720P-3ffe_crf_10_ss_00_t_20.0,3.011,1280,720,yuv420p,30.0,599,8,33593644
Sports_720P-4b69_crf_10_ss_00_t_20.0,3.903,1280,720,yuv420p,30.0,599,8,17958098
Sports_720P-4c6f_crf_10_ss_00_t_20.0,4.105,1280,720,yuv420p,30.0,600,8,13480844
Sports_720P-50cf_crf_10_ss_00_t_20.0,3.372,1280,720,yuv420p,30.0,600,8,44108358
Sports_720P-531c_crf_10_ss_00_t_20.0,4.555,1280,720,yuv420p,30.0,600,8,17277139
Sports_720P-5833_crf_10_ss_00_t_20.0,3.205,1280,720,yuv420p,30.0,600,8,21716948
Sports_720P-5ae1_crf_10_ss_00_t_20.0,4.333,1280,720,yuv420p,30.0,600,8,19247604
Sports_720P-5bfd_crf_10_ss_00_t_20.0,4.677,1280,960,yuv420p,30.0,600,8,29288948
Sports_720P-5e39_crf_10_ss_00_t_20.0,3.685,1280,720,yuv420p,30.0,600,8,18420448
Sports_720P-5ea4_crf_10_ss_00_t_20.0,4.238,1280,720,yuv420p,30.0,600,8,50052538
Sports_720P-62ba_crf_10_ss_00_t_20.0,2.965,1280,720,yuv420p,30.0,600,8,24017816
Sports_720P-675b_crf_10_ss_00_t_20.0,3.201,1280,720,yuv420p,30.0,599,8,24770097
Sports_720P-69a0_crf_10_ss_00_t_20.0,3.878,1280,720,yuv420p,30.0,600,8,18299286
Sports_720P-6bb7_crf_10_ss_00_t_20.0,3.882,1280,720,yuv420p,30.0,599,8,18524446
Sports_720P-6d04_crf_10_ss_00_t_20.0,3.783,1280,720,yuv420p,30.0,600,8,45154874
Sports_720P-7ba7_crf_10_ss_00_t_20.0,3.566,1280,720,yuv420p,30.0,600,8,30477122
TelevisionClip_720P-1862_crf_10_ss_00_t_20.0,3.238,1280,720,yuv420p,30.0,600,8,6485974
TelevisionClip_720P-19de_crf_10_ss_00_t_20.0,4.346,1280,720,yuv420p,30.0,600,8,23435017
TelevisionClip_720P-1b61_crf_10_ss_00_t_20.0,4.299,1280,720,yuv420p,30.0,600,8,4349634
TelevisionClip_720P-31ce_crf_10_ss_00_t_20.0,4.324,1280,720,yuv420p,30.0,599,8,15001484
TelevisionClip_720P-3f4c_crf_10_ss_00_t_20.0,2.515,1280,720,yuv420p,30.0,237,8,21318901
TelevisionClip_720P-44d1_crf_10_ss_00_t_20.0,3.839,1280,720,yuv420p,30.0,600,8,6156196
TelevisionClip_720P-4edb_crf_10_ss_00_t_20.0,4.015,1280,720,yuv420p,30.0,600,8,11551612
TelevisionClip_720P-5e93_crf_10_ss_00_t_20.0,4.292,1280,720,yuv420p,30.0,599,8,5707359
TelevisionClip_720P-7c06_crf_10_ss_00_t_20.0,4.396,1280,720,yuv420p,30.0,600,8,4984188
VerticalVideo_720P-0750_crf_10_ss_00_t_20.0,3.71,720,1280,yuv420p,30.0,600,8,25918363
VerticalVideo_720P-0dac_crf_10_ss_00_t_20.0,2.934,720,1280,yuv420p,30.0,600,8,3484303
VerticalVideo_720P-0f61_crf_10_ss_00_t_20.0,4.522,740,1324,yuv420p,30.0,600,8,4835165
VerticalVideo_720P-19fa_crf_10_ss_00_t_20.0,4.269,720,1280,yuv420p,30.0,600,8,30664651
VerticalVideo_720P-1ada_crf_10_ss_00_t_20.0,3.532,720,1280,yuv420p,30.0,600,8,19105257
VerticalVideo_720P-2efc_crf_10_ss_00_t_20.0,3.523,720,1280,yuv420p,30.0,600,8,19221459
VerticalVideo_720P-42f2_crf_10_ss_00_t_20.0,3.199,720,1280,yuv420p,30.0,600,8,23868176
VerticalVideo_720P-456c_crf_10_ss_00_t_20.0,3.711,720,1280,yuv420p,30.0,600,8,20260368
VerticalVideo_720P-4730_crf_10_ss_00_t_20.0,4.107,720,1280,yuv420p,30.0,600,8,13870655
VerticalVideo_720P-4ca7_crf_10_ss_00_t_20.0,4.442,748,1332,yuv420p,30.0,600,8,5270419
VerticalVideo_720P-6580_crf_10_ss_00_t_20.0,2.979,720,1280,yuv420p,30.0,599,8,5593940
VerticalVideo_720P-665d_crf_10_ss_00_t_20.0,4.023,720,1280,yuv420p,30.0,600,8,30262759
VerticalVideo_720P-669d_crf_10_ss_00_t_20.0,4.176,720,1280,yuv420p,30.0,599,8,833255
VerticalVideo_720P-7517_crf_10_ss_00_t_20.0,4.271,750,1334,yuv420p,30.0,600,8,15620889
VerticalVideo_720P-7859_crf_10_ss_00_t_20.0,3.603,720,1280,yuv420p,30.0,600,8,12883982
VerticalVideo_720P-7c1d_crf_10_ss_00_t_20.0,4.502,720,1280,yuv420p,30.0,389,8,1728314
Vlog_720P-033a_crf_10_ss_00_t_20.0,4.302,1280,720,yuv420p,30.0,600,8,24166102
Vlog_720P-03d5_crf_10_ss_00_t_20.0,3.605,1280,720,yuv420p,30.0,600,8,56902727
Vlog_720P-03f9_crf_10_ss_00_t_20.0,3.972,1280,720,yuv420p,30.0,599,8,25857995
Vlog_720P-0d79_crf_10_ss_00_t_20.0,3.805,1280,720,yuv420p,30.0,600,8,24704925
Vlog_720P-11c5_crf_10_ss_00_t_20.0,3.816,1280,720,yuv420p,30.0,600,8,17870178
Vlog_720P-155f_crf_10_ss_00_t_20.0,4.316,1280,720,yuv420p,30.0,600,8,28196362
Vlog_720P-2929_crf_10_ss_00_t_20.0,3.918,1280,720,yuv420p,30.0,599,8,64875557
Vlog_720P-329f_crf_10_ss_00_t_20.0,3.7,1280,720,yuv420p,30.0,600,8,33779434
Vlog_720P-32b2_crf_10_ss_00_t_20.0,4.365,1280,720,yuv420p,30.0,600,8,16119195
Vlog_720P-372d_crf_10_ss_00_t_20.0,4.047,1280,720,yuv420p,30.0,600,8,22671446
Vlog_720P-3e9c_crf_10_ss_00_t_20.0,3.882,1280,720,yuv420p,30.0,599,8,2765711
Vlog_720P-4e3d_crf_10_ss_00_t_20.0,2.743,1280,720,yuv420p,30.0,600,8,15206598
Vlog_720P-5364_crf_10_ss_00_t_20.0,2.794,1280,720,yuv420p,30.0,600,8,29182761
Vlog_720P-60f8_crf_10_ss_00_t_20.0,4.335,1280,720,yuv420p,30.0,599,8,21078458
Vlog_720P-6d56_crf_10_ss_00_t_20.0,3.776,1280,720,yuv420p,30.0,600,8,20255127
Animation_1080P-05f8_crf_10_ss_00_t_20.0,3.901,1920,1080,yuv420p,30.0,599,8,39455067
Animation_1080P-0c4f_crf_10_ss_00_t_20.0,3.94,1920,1080,yuv420p,30.0,599,8,20173043
Animation_1080P-18f5_crf_10_ss_00_t_20.0,4.158,1920,1080,yuv420p,30.0,600,8,35246779
Animation_1080P-209f_crf_10_ss_00_t_20.0,4.189,1920,1080,yuv420p,30.0,600,8,4884280
Animation_1080P-21dd_crf_10_ss_00_t_20.0,3.791,1920,1080,yuv420p,30.0,599,8,45925284
Animation_1080P-2fbe_crf_10_ss_00_t_20.0,3.346,1920,1080,yuv420p,30.0,600,8,72595307
Animation_1080P-2fff_crf_10_ss_00_t_20.0,4.369,1920,1080,yuv420p,30.0,599,8,112567067
Animation_1080P-3d67_crf_10_ss_00_t_20.0,2.778,1920,1080,yuv420p,30.0,600,8,26983286
Animation_1080P-3dbf_crf_10_ss_00_t_20.0,4.444,1920,1080,yuv420p,30.0,600,8,9563836
Animation_1080P-3e01_crf_10_ss_00_t_20.0,4.045,1920,1080,yuv420p,30.0,597,8,28726733
Animation_1080P-4214_crf_10_ss_00_t_20.0,3.51,1920,1080,yuv420p,30.0,600,8,9807576
Animation_1080P-4be3_crf_10_ss_00_t_20.0,3.565,1920,1080,yuv420p,30.0,599,8,92732592
Animation_1080P-4ea8_crf_10_ss_00_t_20.0,4.121,1920,1080,yuv420p,30.0,600,8,83279507
Animation_1080P-5083_crf_10_ss_00_t_20.0,3.252,1920,1080,yuv420p,30.0,600,8,14644770
Animation_1080P-58d3_crf_10_ss_00_t_20.0,4.243,1920,1080,yuv420p,30.0,600,8,12081847
Animation_1080P-5dd8_crf_10_ss_00_t_20.0,3.958,1920,1080,yuv420p,30.0,600,8,2429205
Animation_1080P-646f_crf_10_ss_00_t_20.0,3.376,1920,1080,yuv420p,30.0,600,8,28276472
CoverSong_1080P-0188_crf_10_ss_00_t_20.0,2.383,1920,1080,yuv420p,30.0,600,8,46116560
CoverSong_1080P-033d_crf_10_ss_00_t_20.0,4.433,1920,1080,yuv420p,30.0,600,8,49886236
CoverSong_1080P-0a86_crf_10_ss_00_t_20.0,4.228,1920,1080,yuv420p,30.0,600,8,25126869
CoverSong_1080P-0cdc_crf_10_ss_00_t_20.0,2.741,1920,1080,yuv420p,30.0,600,8,17250434
CoverSong_1080P-0f33_crf_10_ss_00_t_20.0,3.221,1920,1080,yuv420p,30.0,600,8,22122925
CoverSong_1080P-0f3a_crf_10_ss_00_t_20.0,4.358,1440,1080,yuv420p,30.0,599,8,39194609
CoverSong_1080P-1963_crf_10_ss_00_t_20.0,3.882,1920,1080,yuv420p,30.0,600,8,2280047
CoverSong_1080P-1b08_crf_10_ss_00_t_20.0,3.812,1920,1080,yuv420p,30.0,600,8,24249546
CoverSong_1080P-1b0c_crf_10_ss_00_t_20.0,3.763,1920,1080,yuv420p,30.0,600,8,42152932
CoverSong_1080P-2207_crf_10_ss_00_t_20.0,3.675,1440,1080,yuv420p,30.0,600,8,47808337
CoverSong_1080P-237f_crf_10_ss_00_t_20.0,3.893,1920,1080,yuv420p,30.0,599,8,49248292
CoverSong_1080P-3409_crf_10_ss_00_t_20.0,4.331,1920,1080,yuv420p,30.0,600,8,25991122
CoverSong_1080P-3499_crf_10_ss_00_t_20.0,4.193,1920,1080,yuv420p,30.0,599,8,52959019
CoverSong_1080P-3aac_crf_10_ss_00_t_20.0,3.381,1920,1080,yuv420p,30.0,599,8,55150912
CoverSong_1080P-3df8_crf_10_ss_00_t_20.0,3.827,1920,1080,yuv420p,30.0,600,8,42314900
CoverSong_1080P-4bad_crf_10_ss_00_t_20.0,4.298,1920,1080,yuv420p,30.0,600,8,30939952
CoverSong_1080P-5430_crf_10_ss_00_t_20.0,3.969,1920,1080,yuv420p,30.0,600,8,35037390
CoverSong_1080P-5456_crf_10_ss_00_t_20.0,3.736,1920,1080,yuv420p,30.0,600,8,16895034
CoverSong_1080P-5cae_crf_10_ss_00_t_20.0,3.209,1920,1080,yuv420p,30.0,599,8,48255829
CoverSong_1080P-5e69_crf_10_ss_00_t_20.0,3.29,1920,1080,yuv420p,30.0,598,8,46636831
CoverSong_1080P-5f92_crf_10_ss_00_t_20.0,4.043,1920,1080,yuv420p,30.0,600,8,18866458
CoverSong_1080P-6f26_crf_10_ss_00_t_20.0,4.288,1440,1080,yuv420p,30.0,599,8,46228404
Gaming_1080P-0ce6_crf_10_ss_00_t_20.0,3.968,1920,1080,yuv420p,30.0,599,8,36975502
Gaming_1080P-0ef8_crf_10_ss_00_t_20.0,3.781,1920,1080,yuv420p,30.0,600,8,33539539
Gaming_1080P-12d4_crf_10_ss_00_t_20.0,4.494,1920,1080,yuv420p,30.0,600,8,40306642
Gaming_1080P-13e3_crf_10_ss_00_t_20.0,4.434,1920,1080,yuv420p,30.0,600,8,49563130
Gaming_1080P-1704_crf_10_ss_00_t_20.0,4.295,1920,1080,yuv420p,30.0,600,8,83322124
Gaming_1080P-173a_crf_10_ss_00_t_20.0,3.013,1920,1080,yuv420p,30.0,600,8,49604884
Gaming_1080P-190d_crf_10_ss_00_t_20.0,3.898,1920,1080,yuv420p,30.0,599,8,28744571
Gaming_1080P-2221_crf_10_ss_00_t_20.0,4.239,1920,1080,yuv420p,30.0,527,8,213121782
Gaming_1080P-223e_crf_10_ss_00_t_20.0,4.283,1920,1080,yuv420p,30.0,600,8,14827878
Gaming_1080P-26dc_crf_10_ss_00_t_20.0,3.541,1920,1080,yuv420p,30.0,600,8,35833721
Gaming_1080P-277c_crf_10_ss_00_t_20.0,3.884,1920,1080,yuv420p,30.0,599,8,20768566
Gaming_1080P-29b1_crf_10_ss_00_t_20.0,3.829,1920,1080,yuv420p,30.0,600,8,12640344
Gaming_1080P-2e97_crf_10_ss_00_t_20.0,4.391,1920,1080,yuv420p,30.0,599,8,34737730
Gaming_1080P-35fa_crf_10_ss_00_t_20.0,3.035,1920,1080,yuv420p,30.0,599,8,88537081
Gaming_1080P-3a9d_crf_10_ss_00_t_20.0,3.872,1920,1080,yuv420p,30.0,600,8,13102100
Gaming_1080P-3d58_crf_10_ss_00_t_20.0,3.782,1920,1080,yuv420p,30.0,599,8,41231595
Gaming_1080P-44c4_crf_10_ss_00_t_20.0,3.839,1920,1080,yuv420p,30.0,599,8,62056701
Gaming_1080P-45af_crf_10_ss_00_t_20.0,4.373,1920,1080,yuv420p,30.0,600,8,34657380
Gaming_1080P-45fc_crf_10_ss_00_t_20.0,3.695,1920,1080,yuv420p,30.0,599,8,21747203
Gaming_1080P-4865_crf_10_ss_00_t_20.0,4.355,1920,1080,yuv420p,30.0,600,8,60144369
Gaming_1080P-51fc_crf_10_ss_00_t_20.0,4.377,1920,1080,yuv420p,30.0,600,8,38476928
Gaming_1080P-564e_crf_10_ss_00_t_20.0,4.322,1920,1080,yuv420p,30.0,599,8,58004014
Gaming_1080P-57ca_crf_10_ss_00_t_20.0,4.409,1920,1080,yuv420p,30.0,572,8,170708011
Gaming_1080P-58ba_crf_10_ss_00_t_20.0,3.952,1440,1080,yuv420p,30.0,599,8,20932315
Gaming_1080P-6530_crf_10_ss_00_t_20.0,3.92,1920,1080,yuv420p,30.0,599,8,113789063
Gaming_1080P-6578_crf_10_ss_00_t_20.0,4.399,1920,1080,yuv420p,30.0,599,8,44481512
Gaming_1080P-66d2_crf_10_ss_00_t_20.0,4.142,1920,1080,yuv420p,30.0,600,8,33729586
Gaming_1080P-698a_crf_10_ss_00_t_20.0,3.743,1920,1080,yuv420p,30.0,599,8,30069954
Gaming_1080P-6d53_crf_10_ss_00_t_20.0,3.821,1920,1080,yuv420p,30.0,600,8,45276870
Gaming_1080P-6db2_crf_10_ss_00_t_20.0,3.475,1920,1080,yuv420p,30.0,600,8,44990342
Gaming_1080P-6dc6_crf_10_ss_00_t_20.0,4.602,1920,1080,yuv420p,30.0,600,8,138979021
Gaming_1080P-6e45_crf_10_ss_00_t_20.0,2.517,1920,1080,yuv420p,30.0,600,8,36699996
Gaming_1080P-71a5_crf_10_ss_00_t_20.0,4.482,1920,1080,yuv420p,30.0,433,8,114221559
Gaming_1080P-72c8_crf_10_ss_00_t_20.0,4.366,1920,1080,yuv420p,30.0,600,8,123135201
Gaming_1080P-777b_crf_10_ss_00_t_20.0,4.05,1920,1080,yuv420p,30.0,599,8,42353655
Gaming_1080P-7a1e_crf_10_ss_00_t_20.0,4.024,1920,1080,yuv420p,30.0,600,8,30334019
HDR_1080P-0d31_crf_10_ss_00_t_20.0,4.373,1920,1080,yuv420p,30.0,600,8,14007193
HDR_1080P-13eb_crf_10_ss_00_t_20.0,3.761,1920,1080,yuv420p,30.0,600,8,9199425
HDR_1080P-1be2_crf_10_ss_00_t_20.0,3.756,1920,1080,yuv420p,30.0,600,8,3817167
HDR_1080P-1e5b_crf_10_ss_00_t_20.0,1.242,1920,1080,yuv420p,30.0,600,8,19268130
HDR_1080P-206d_crf_10_ss_00_t_20.0,3.791,1920,1080,yuv420p,30.0,600,8,27538764
HDR_1080P-2d32_crf_10_ss_00_t_20.0,4.503,1920,1080,yuv420p,30.0,600,8,36980362
HDR_1080P-3181_crf_10_ss_00_t_20.0,3.777,1920,1080,yuv420p,30.0,450,8,368638
HDR_1080P-33e3_crf_10_ss_00_t_20.0,4.45,1920,1080,yuv420p,30.0,599,8,31697020
HDR_1080P-3521_crf_10_ss_00_t_20.0,3.895,1920,1080,yuv420p,30.0,599,8,18485731
HDR_1080P-35f4_crf_10_ss_00_t_20.0,4.16,1920,1080,yuv420p,30.0,599,8,24233424
HDR_1080P-3749_crf_10_ss_00_t_20.0,4.08,1920,1080,yuv420p,30.0,599,8,42701429
HDR_1080P-3a4a_crf_10_ss_00_t_20.0,3.824,1920,1080,yuv420p,30.0,600,8,4108948
HDR_1080P-46a4_crf_10_ss_00_t_20.0,3.582,1920,1080,yuv420p,30.0,600,8,9170644
HDR_1080P-49d6_crf_10_ss_00_t_20.0,4.589,1920,1080,yuv420p,30.0,599,8,20719923
HDR_1080P-4f4a_crf_10_ss_00_t_20.0,3.51,1920,1080,yuv420p,30.0,600,8,46160812
HDR_1080P-548b_crf_10_ss_00_t_20.0,4.626,1920,1080,yuv420p,30.0,599,8,33804937
HDR_1080P-549e_crf_10_ss_00_t_20.0,4.064,1920,1080,yuv420p,30.0,599,8,24555694
HDR_1080P-55c4_crf_10_ss_00_t_20.0,4.106,1920,1080,yuv420p,30.0,600,8,7661608
HDR_1080P-601b_crf_10_ss_00_t_20.0,4.318,1920,1080,yuv420p,30.0,600,8,27443334
HDR_1080P-687e_crf_10_ss_00_t_20.0,2.629,1920,1080,yuv420p,30.0,599,8,28352742
HDR_1080P-68c8_crf_10_ss_00_t_20.0,3.804,1920,1080,yuv420p,30.0,600,8,33221291
HDR_1080P-69de_crf_10_ss_00_t_20.0,4.181,1920,1080,yuv420p,30.0,600,8,41047754
HDR_1080P-6eb7_crf_10_ss_00_t_20.0,4.046,1920,1080,yuv420p,30.0,600,8,30117331
HDR_1080P-7825_crf_10_ss_00_t_20.0,4.514,1920,1080,yuv420p,30.0,599,8,33702070
HowTo_1080P-0267_crf_10_ss_00_t_20.0,4.234,1920,1080,yuv420p,30.0,600,8,8977356
HowTo_1080P-03fd_crf_10_ss_00_t_20.0,3.517,1920,1080,yuv420p,30.0,600,8,7893040
HowTo_1080P-13aa_crf_10_ss_00_t_20.0,4.336,1920,1080,yuv420p,30.0,599,8,36821395
HowTo_1080P-1f3b_crf_10_ss_00_t_20.0,4.185,1920,1080,yuv420p,30.0,600,8,6976791
HowTo_1080P-36a9_crf_10_ss_00_t_20.0,4.427,1920,1080,yuv420p,30.0,572,8,34655131
HowTo_1080P-4d7b_crf_10_ss_00_t_20.0,4.199,1920,1080,yuv420p,30.0,600,8,73580940
HowTo_1080P-52bb_crf_10_ss_00_t_20.0,4.272,1920,1080,yuv420p,30.0,600,8,4501785
HowTo_1080P-55d1_crf_10_ss_00_t_20.0,4.102,1920,1080,yuv420p,30.0,599,8,51331968
HowTo_1080P-63e4_crf_10_ss_00_t_20.0,3.948,1920,1080,yuv420p,30.0,600,8,16925728
HowTo_1080P-63ec_crf_10_ss_00_t_20.0,4.229,1920,1080,yuv420p,30.0,600,8,20666878
HowTo_1080P-64f7_crf_10_ss_00_t_20.0,4.454,1920,1080,yuv420p,30.0,600,8,21104734
HowTo_1080P-6cbf_crf_10_ss_00_t_20.0,1.915,1920,1080,yuv420p,30.0,600,8,12721668
HowTo_1080P-7399_crf_10_ss_00_t_20.0,4.194,1920,1080,yuv420p,30.0,600,8,783132
HowTo_1080P-763c_crf_10_ss_00_t_20.0,3.957,1920,1080,yuv420p,30.0,600,8,30372902
HowTo_1080P-7cf2_crf_10_ss_00_t_20.0,3.717,1920,1080,yuv420p,30.0,600,8,44993050
HowTo_1080P-7f18_crf_10_ss_00_t_20.0,3.718,1920,1080,yuv420p,30.0,600,8,2840891
Lecture_1080P-011f_crf_10_ss_00_t_20.0,3.59,1440,1080,yuv420p,30.0,599,8,16521124
Lecture_1080P-0c8a_crf_10_ss_00_t_20.0,4.55,1920,1080,yuv420p,30.0,600,8,24669778
Lecture_1080P-1709_crf_10_ss_00_t_20.0,4.172,1920,1080,yuv420p,30.0,599,8,2816113
Lecture_1080P-1969_crf_10_ss_00_t_20.0,3.649,1920,1080,yuv420p,30.0,600,8,4835961
LiveMusic_1080P-14af_crf_10_ss_00_t_20.0,4.45,1920,1080,yuv420p,30.0,599,8,33024609
LiveMusic_1080P-157b_crf_10_ss_00_t_20.0,4.36,1920,1080,yuv420p,30.0,599,8,25375544
LiveMusic_1080P-21dd_crf_10_ss_00_t_20.0,3.819,1440,1080,yuv420p,30.0,600,8,45138201
LiveMusic_1080P-28fe_crf_10_ss_00_t_20.0,3.693,1920,1080,yuv420p,30.0,600,8,39828978
LiveMusic_1080P-2930_crf_10_ss_00_t_20.0,3.776,1920,1080,yuv420p,30.0,599,8,40794419
LiveMusic_1080P-2f7f_crf_10_ss_00_t_20.0,3.326,1920,1080,yuv420p,30.0,599,8,45026204
LiveMusic_1080P-3f95_crf_10_ss_00_t_20.0,4.05,1920,1080,yuv420p,30.0,600,8,42845918
LiveMusic_1080P-51f6_crf_10_ss_00_t_20.0,3.819,1920,1080,yuv420p,30.0,599,8,38957662
LiveMusic_1080P-541f_crf_10_ss_00_t_20.0,4.174,1920,1080,yuv420p,30.0,600,8,49273247
LiveMusic_1080P-59b3_crf_10_ss_00_t_20.0,3.443,1440,1080,yuv420p,30.0,600,8,5539766
LiveMusic_1080P-6d1a_crf_10_ss_00_t_20.0,3.78,1920,1080,yuv420p,30.0,600,8,34214305
LiveMusic_1080P-6fe2_crf_10_ss_00_t_20.0,3.281,1920,1080,yuv420p,30.0,599,8,60236484
LiveMusic_1080P-77e8_crf_10_ss_00_t_20.0,3.346,1920,1080,yuv420p,30.0,600,8,39387741
LiveMusic_1080P-7948_crf_10_ss_00_t_20.0,3.838,1920,1080,yuv420p,30.0,600,8,91639414
LiveMusic_1080P-7ead_crf_10_ss_00_t_20.0,3.559,1920,1080,yuv420p,30.0,600,8,6066241
LyricVideo_1080P-16b6_crf_10_ss_00_t_20.0,4.381,1920,1080,yuv420p,30.0,600,8,36483821
LyricVideo_1080P-1b04_crf_10_ss_00_t_20.0,3.803,1440,1080,yuv420p,30.0,600,8,61209164
LyricVideo_1080P-1d75_crf_10_ss_00_t_20.0,4.299,1920,1080,yuv420p,30.0,600,8,1010507
LyricVideo_1080P-2946_crf_10_ss_00_t_20.0,4.177,1920,1080,yuv420p,30.0,600,8,4249860
LyricVideo_1080P-41ee_crf_10_ss_00_t_20.0,4.071,1920,1080,yuv420p,30.0,600,8,13322941
LyricVideo_1080P-4b40_crf_10_ss_00_t_20.0,3.636,1920,1080,yuv420p,30.0,599,8,34825805
LyricVideo_1080P-5461_crf_10_ss_00_t_20.0,4.031,1920,1080,yuv420p,30.0,600,8,15317442
LyricVideo_1080P-584f_crf_10_ss_00_t_20.0,3.188,1920,1080,yuv420p,30.0,600,8,63983878
LyricVideo_1080P-63d4_crf_10_ss_00_t_20.0,4.221,1920,1080,yuv420p,30.0,600,8,1234769
LyricVideo_1080P-63d9_crf_10_ss_00_t_20.0,3.512,1440,1080,yuv420p,30.0,599,8,18526856
LyricVideo_1080P-725e_crf_10_ss_00_t_20.0,4.399,1920,1080,yuv420p,30.0,600,8,8995836
LyricVideo_1080P-756a_crf_10_ss_00_t_20.0,4.228,1920,1080,yuv420p,30.0,600,8,10596700
MusicVideo_1080P-04b6_crf_10_ss_00_t_20.0,4.288,1920,1080,yuv420p,30.0,599,8,45225745
MusicVideo_1080P-0706_crf_10_ss_00_t_20.0,4.084,1920,1080,yuv420p,30.0,600,8,59634967
MusicVideo_1080P-0860_crf_10_ss_00_t_20.0,3.963,1920,1080,yuv420p,30.0,600,8,22689882
MusicVideo_1080P-106d_crf_10_ss_00_t_20.0,3.259,1440,1080,yuv420p,30.0,600,8,57152432
MusicVideo_1080P-16e6_crf_10_ss_00_t_20.0,4.349,1920,1080,yuv420p,30.0,600,8,23551176
MusicVideo_1080P-18f5_crf_10_ss_00_t_20.0,3.829,1920,1080,yuv420p,30.0,600,8,55196657
MusicVideo_1080P-1a53_crf_10_ss_00_t_20.0,3.577,1920,1080,yuv420p,30.0,600,8,20633025
MusicVideo_1080P-24f5_crf_10_ss_00_t_20.0,4.283,1920,1080,yuv420p,30.0,600,8,53746689
MusicVideo_1080P-2b2b_crf_10_ss_00_t_20.0,4.436,1920,1080,yuv420p,30.0,600,8,13606464
MusicVideo_1080P-2d1c_crf_10_ss_00_t_20.0,3.616,1440,1080,yuv420p,30.0,600,8,76144183
MusicVideo_1080P-34ff_crf_10_ss_00_t_20.0,3.658,1440,1080,yuv420p,30.0,600,8,57160826
MusicVideo_1080P-3a50_crf_10_ss_00_t_20.0,3.69,1920,1080,yuv420p,30.0,599,8,15233595
MusicVideo_1080P-453f_crf_10_ss_00_t_20.0,4.372,1920,1080,yuv420p,30.0,599,8,40981244
MusicVideo_1080P-4671_crf_10_ss_00_t_20.0,3.083,1920,1080,yuv420p,30.0,600,8,76614662
MusicVideo_1080P-5072_crf_10_ss_00_t_20.0,4.19,1920,1080,yuv420p,30.0,599,8,32385340
MusicVideo_1080P-55af_crf_10_ss_00_t_20.0,3.748,1920,1080,yuv420p,30.0,600,8,140493711
MusicVideo_1080P-65c6_crf_10_ss_00_t_20.0,4.066,1920,1080,yuv420p,30.0,600,8,10103244
MusicVideo_1080P-6c1d_crf_10_ss_00_t_20.0,4.323,1920,1080,yuv420p,30.0,600,8,52501296
MusicVideo_1080P-6fb1_crf_10_ss_00_t_20.0,3.492,1440,1080,yuv420p,30.0,600,8,53869458
MusicVideo_1080P-7265_crf_10_ss_00_t_20.0,3.566,1920,1080,yuv420p,30.0,600,8,33919486
MusicVideo_1080P-7706_crf_10_ss_00_t_20.0,2.925,1920,1080,yuv420p,30.0,600,8,35908058
MusicVideo_1080P-7f2e_crf_10_ss_00_t_20.0,3.75,1920,1080,yuv420p,30.0,600,8,133605494
NewsClip_1080P-00c3_crf_10_ss_00_t_20.0,4.421,1920,1080,yuv420p,30.0,600,8,39392504
NewsClip_1080P-06df_crf_10_ss_00_t_20.0,4.489,1920,1080,yuv420p,30.0,599,8,24742619
NewsClip_1080P-0abf_crf_10_ss_00_t_20.0,3.672,1920,1080,yuv420p,30.0,600,8,78615407
NewsClip_1080P-1db0_crf_10_ss_00_t_20.0,4.141,1920,1080,yuv420p,30.0,600,8,27088683
NewsClip_1080P-22b3_crf_10_ss_00_t_20.0,3.812,1440,1080,yuv420p,30.0,600,8,36587406
NewsClip_1080P-27fb_crf_10_ss_00_t_20.0,4.002,1920,1080,yuv420p,30.0,600,8,49477936
NewsClip_1080P-2eb0_crf_10_ss_00_t_20.0,4.484,1920,1080,yuv420p,30.0,600,8,43308220
NewsClip_1080P-3427_crf_10_ss_00_t_20.0,4.382,1920,1080,yuv420p,30.0,600,8,20243352
NewsClip_1080P-3c7c_crf_10_ss_00_t_20.0,4.462,1920,1080,yuv420p,30.0,599,8,33017501
NewsClip_1080P-4241_crf_10_ss_00_t_20.0,3.936,1920,1080,yuv420p,30.0,600,8,24999342
NewsClip_1080P-48ae_crf_10_ss_00_t_20.0,3.887,1920,1080,yuv420p,30.0,600,8,40937764
NewsClip_1080P-5b53_crf_10_ss_00_t_20.0,4.45,1920,1080,yuv420p,30.0,600,8,32821320
NewsClip_1080P-5be1_crf_10_ss_00_t_20.0,4.065,1920,1080,yuv420p,30.0,600,8,17861603
NewsClip_1080P-632e_crf_10_ss_00_t_20.0,3.517,1920,1080,yuv420p,30.0,600,8,42508265
NewsClip_1080P-67dc_crf_10_ss_00_t_20.0,3.977,1920,1080,yuv420p,30.0,599,8,52644879
Sports_1080P-0640_crf_10_ss_00_t_20.0,3.524,1920,1080,yuv420p,30.0,600,8,86719214
Sports_1080P-08e1_crf_10_ss_00_t_20.0,4.224,1920,1080,yuv420p,30.0,600,8,52259426
Sports_1080P-0d0c_crf_10_ss_00_t_20.0,3.98,1920,1080,yuv420p,30.0,600,8,59324401
Sports_1080P-15d1_crf_10_ss_00_t_20.0,4.57,1920,1080,yuv420p,30.0,600,8,63725025
Sports_1080P-19d8_crf_10_ss_00_t_20.0,4.472,1920,1080,yuv420p,30.0,600,8,13511017
Sports_1080P-1ae3_crf_10_ss_00_t_20.0,3.352,1440,1080,yuv420p,30.0,600,8,76536080
Sports_1080P-1bf7_crf_10_ss_00_t_20.0,4.49,1920,1080,yuv420p,30.0,599,8,56163812
Sports_1080P-1d78_crf_10_ss_00_t_20.0,3.378,1920,1080,yuv420p,30.0,600,8,148380512
Sports_1080P-241e_crf_10_ss_00_t_20.0,4.411,1920,1080,yuv420p,30.0,600,8,53488515
Sports_1080P-2524_crf_10_ss_00_t_20.0,3.662,1920,1080,yuv420p,30.0,600,8,37172839
Sports_1080P-28a6_crf_10_ss_00_t_20.0,4.452,1920,1080,yuv420p,30.0,600,8,35911812
Sports_1080P-2a21_crf_10_ss_00_t_20.0,3.231,1920,1080,yuv420p,30.0,600,8,46881490
Sports_1080P-3a3b_crf_10_ss_00_t_20.0,3.669,1440,1080,yuv420p,30.0,599,8,68356384
Sports_1080P-3db7_crf_10_ss_00_t_20.0,4.021,1440,1080,yuv420p,30.0,600,8,41711046
Sports_1080P-3eb0_crf_10_ss_00_t_20.0,3.819,1920,1080,yuv420p,30.0,599,8,20932537
Sports_1080P-43e2_crf_10_ss_00_t_20.0,4.414,1920,1080,yuv420p,30.0,600,8,32924855
Sports_1080P-47e9_crf_10_ss_00_t_20.0,4.106,1920,1080,yuv420p,30.0,600,8,22119040
Sports_1080P-49c5_crf_10_ss_00_t_20.0,4.142,1920,1080,yuv420p,30.0,600,8,20131199
Sports_1080P-4e05_crf_10_ss_00_t_20.0,3.445,1920,1080,yuv420p,30.0,600,8,109729544
Sports_1080P-53a0_crf_10_ss_00_t_20.0,3.429,1920,1080,yuv420p,30.0,600,8,140202220
Sports_1080P-5d25_crf_10_ss_00_t_20.0,3.478,1920,1080,yuv420p,30.0,600,8,154929626
Sports_1080P-6571_crf_10_ss_00_t_20.0,3.652,1920,1080,yuv420p,30.0,600,8,63866919
Sports_1080P-6710_crf_10_ss_00_t_20.0,4.335,1920,1080,yuv420p,30.0,600,8,40142333
Sports_1080P-679d_crf_10_ss_00_t_20.0,4.366,1920,1080,yuv420p,30.0,600,8,43489595
Sports_1080P-7203_crf_10_ss_00_t_20.0,3.91,1920,1080,yuv420p,30.0,600,8,91584507
Sports_1080P-7584_crf_10_ss_00_t_20.0,3.755,1920,1080,yuv420p,30.0,599,8,57499833
Sports_1080P-76a2_crf_10_ss_00_t_20.0,4.054,1920,1080,yuv420p,30.0,600,8,46792213
Sports_1080P-7dba_crf_10_ss_00_t_20.0,3.718,1440,1080,yuv420p,30.0,600,8,44410514
TelevisionClip_1080P-0604_crf_10_ss_00_t_20.0,3.765,1920,1080,yuv420p,30.0,600,8,90070143
TelevisionClip_1080P-3758_crf_10_ss_00_t_20.0,4.313,1920,1080,yuv420p,30.0,600,8,37556714
TelevisionClip_1080P-39e3_crf_10_ss_00_t_20.0,4.607,1440,1080,yuv420p,30.0,600,8,34064185
TelevisionClip_1080P-3b9b_crf_10_ss_00_t_20.0,4.251,1920,1080,yuv420p,30.0,600,8,12537232
TelevisionClip_1080P-3d10_crf_10_ss_00_t_20.0,4.052,1920,1080,yuv420p,30.0,600,8,15567529
TelevisionClip_1080P-3d83_crf_10_ss_00_t_20.0,3.382,1920,1080,yuv420p,30.0,600,8,28730845
TelevisionClip_1080P-3e42_crf_10_ss_00_t_20.0,1.989,1440,1080,yuv420p,30.0,600,8,13367677
TelevisionClip_1080P-401e_crf_10_ss_00_t_20.0,4.227,1920,1080,yuv420p,30.0,599,8,16582472
TelevisionClip_1080P-525d_crf_10_ss_00_t_20.0,4.273,1920,1080,yuv420p,30.0,600,8,71984166
TelevisionClip_1080P-5278_crf_10_ss_00_t_20.0,4.099,1920,1080,yuv420p,30.0,592,8,20951144
TelevisionClip_1080P-5e68_crf_10_ss_00_t_20.0,4.604,1920,1080,yuv420p,30.0,600,8,49750961
TelevisionClip_1080P-6026_crf_10_ss_00_t_20.0,4.415,1920,1080,yuv420p,30.0,599,8,20497156
TelevisionClip_1080P-6282_crf_10_ss_00_t_20.0,4.199,1920,1080,yuv420p,30.0,600,8,25734549
TelevisionClip_1080P-63e6_crf_10_ss_00_t_20.0,4.228,1920,1080,yuv420p,30.0,600,8,37526138
TelevisionClip_1080P-68c6_crf_10_ss_00_t_20.0,4.561,1920,1080,yuv420p,30.0,599,8,64492092
VerticalVideo_1080P-04d4_crf_10_ss_00_t_20.0,4.15,1080,1920,yuv420p,30.0,600,8,36719752
VerticalVideo_1080P-1ac1_crf_10_ss_00_t_20.0,3.979,1080,1920,yuv420p,30.0,600,8,45720588
VerticalVideo_1080P-1c86_crf_10_ss_00_t_20.0,1.848,1080,1920,yuv420p,30.0,599,8,31320222
VerticalVideo_1080P-2f00_crf_10_ss_00_t_20.0,4.36,1080,1920,yuv420p,30.0,600,8,46299706
VerticalVideo_1080P-34ba_crf_10_ss_00_t_20.0,3.382,1080,1920,yuv420p,30.0,156,8,70779863
VerticalVideo_1080P-360f_crf_10_ss_00_t_20.0,4.189,1080,2220,yuv420p,30.0,573,8,9489454
VerticalVideo_1080P-3709_crf_10_ss_00_t_20.0,4.367,1080,1920,yuv420p,30.0,600,8,64618130
VerticalVideo_1080P-3a9b_crf_10_ss_00_t_20.0,4.432,1080,1920,yuv420p,30.0,368,8,24026966
VerticalVideo_1080P-3d96_crf_10_ss_00_t_20.0,4.452,1080,1920,yuv420p,30.0,300,8,45080136
VerticalVideo_1080P-4925_crf_10_ss_00_t_20.0,4.496,1080,1920,yuv420p,30.0,600,8,60219583
VerticalVideo_1080P-4b92_crf_10_ss_00_t_20.0,4.119,1080,1920,yuv420p,30.0,600,8,55079517
VerticalVideo_1080P-4da5_crf_10_ss_00_t_20.0,4.257,1440,2560,yuv420p,30.0,526,8,22467195
VerticalVideo_1080P-73b6_crf_10_ss_00_t_20.0,4.034,1080,1920,yuv420p,30.0,600,8,73108634
VerticalVideo_1080P-766b_crf_10_ss_00_t_20.0,3.305,1080,1920,yuv420p,30.0,600,8,21190361
VerticalVideo_1080P-7c5c_crf_10_ss_00_t_20.0,3.78,1080,1920,yuv420p,30.0,600,8,65071424
VerticalVideo_1080P-7cf3_crf_10_ss_00_t_20.0,3.955,1080,1920,yuv420p,30.0,600,8,23915737
Vlog_1080P-010b_crf_10_ss_00_t_20.0,4.185,1920,1080,yuv420p,30.0,600,8,63393890
Vlog_1080P-18da_crf_10_ss_00_t_20.0,4.442,1920,1080,yuv420p,30.0,600,8,66276857
Vlog_1080P-19bb_crf_10_ss_00_t_20.0,3.076,1920,1080,yuv420p,30.0,600,8,60892238
Vlog_1080P-1df9_crf_10_ss_00_t_20.0,4.134,1920,1080,yuv420p,30.0,600,8,31555351
Vlog_1080P-1e70_crf_10_ss_00_t_20.0,2.442,1920,1080,yuv420p,30.0,600,8,12639422
Vlog_1080P-21f5_crf_10_ss_00_t_20.0,3.327,1920,1080,yuv420p,30.0,600,8,96768014
Vlog_1080P-2394_crf_10_ss_00_t_20.0,4.641,1920,1080,yuv420p,30.0,600,8,25925960
Vlog_1080P-23cb_crf_10_ss_00_t_20.0,3.069,1920,1080,yuv420p,30.0,600,8,111526862
Vlog_1080P-25de_crf_10_ss_00_t_20.0,1.914,1920,1080,yuv420p,30.0,599,8,28291395
Vlog_1080P-26dc_crf_10_ss_00_t_20.0,3.685,1920,1080,yuv420p,30.0,600,8,112258164
Vlog_1080P-2cda_crf_10_ss_00_t_20.0,4.429,1920,1080,yuv420p,30.0,600,8,34093100
Vlog_1080P-35cd_crf_10_ss_00_t_20.0,3.196,1920,1080,yuv420p,30.0,600,8,27964456
Vlog_1080P-3744_crf_10_ss_00_t_20.0,3.948,1920,1080,yuv420p,30.0,600,8,26483038
Vlog_1080P-45c9_crf_10_ss_00_t_20.0,2.888,1920,1080,yuv420p,30.0,599,8,17189171
Vlog_1080P-4f26_crf_10_ss_00_t_20.0,3.962,1920,1080,yuv420p,30.0,600,8,29869974
Vlog_1080P-52fe_crf_10_ss_00_t_20.0,3.838,1920,1080,yuv420p,30.0,600,8,58144361
Vlog_1080P-5904_crf_10_ss_00_t_20.0,4.365,1920,1080,yuv420p,30.0,600,8,50615651
Vlog_1080P-62fc_crf_10_ss_00_t_20.0,4.255,1920,1080,yuv420p,30.0,600,8,83128820
Vlog_1080P-64b6_crf_10_ss_00_t_20.0,4.192,1088,1088,yuv420p,30.0,600,8,42499135
Vlog_1080P-6686_crf_10_ss_00_t_20.0,3.926,1920,1080,yuv420p,30.0,600,8,162057956
Vlog_1080P-7e8c_crf_10_ss_00_t_20.0,3.042,1920,1080,yuv420p,30.0,600,8,57935656
Animation_2160P-41dc_crf_10_ss_00_t_20.0,3.512,3840,2160,yuv420p,30.0,598,8,280256477
Animation_2160P-6f3b_crf_10_ss_00_t_20.0,4.082,3032,2304,yuv420p,30.0,599,8,26637973
Gaming_2160P-2b92_crf_10_ss_00_t_20.0,3.632,4096,2160,yuv420p,30.0,600,8,79427678
Gaming_2160P-2cb1_crf_10_ss_00_t_20.0,4.481,3840,2160,yuv420p,30.0,600,8,235186856
Gaming_2160P-2dc4_crf_10_ss_00_t_20.0,4.383,3840,2160,yuv420p,30.0,600,8,141375075
Gaming_2160P-348d_crf_10_ss_00_t_20.0,4.443,3840,2160,yuv420p,30.0,600,8,42259305
Gaming_2160P-34a1_crf_10_ss_00_t_20.0,4.414,3840,2160,yuv420p,30.0,600,8,75951255
Gaming_2160P-387f_crf_10_ss_00_t_20.0,4.513,3840,2160,yuv420p,30.0,600,8,59785453
Gaming_2160P-4139_crf_10_ss_00_t_20.0,3.923,3840,2160,yuv420p,30.0,600,8,93901416
Gaming_2160P-416f_crf_10_ss_00_t_20.0,4.332,3840,2160,yuv420p,30.0,600,8,239982052
Gaming_2160P-4258_crf_10_ss_00_t_20.0,4.067,3840,2160,yuv420p,30.0,599,8,86210629
Gaming_2160P-5c33_crf_10_ss_00_t_20.0,2.834,3840,2160,yuv420p,30.0,600,8,58990639
Gaming_2160P-5c53_crf_10_ss_00_t_20.0,4.309,3840,2160,yuv420p,30.0,600,8,61971629
Gaming_2160P-673d_crf_10_ss_00_t_20.0,4.165,3840,2160,yuv420p,30.0,600,8,47210145
Gaming_2160P-6bb6_crf_10_ss_00_t_20.0,4.537,3840,2160,yuv420p,30.0,600,8,74479797
Gaming_2160P-6cd8_crf_10_ss_00_t_20.0,4.31,3840,2160,yuv420p,30.0,599,8,79050185
Gaming_2160P-7e80_crf_10_ss_00_t_20.0,4.108,3840,2160,yuv420p,30.0,599,8,7075234
HDR_2160P-06ae_crf_10_ss_00_t_20.0,4.474,3840,2160,yuv420p,30.0,599,8,209407397
HDR_2160P-15e2_crf_10_ss_00_t_20.0,4.191,3840,2160,yuv420p,30.0,600,8,107871591
HDR_2160P-2a72_crf_10_ss_00_t_20.0,4.113,3840,2160,yuv420p,30.0,600,8,335976014
HDR_2160P-3663_crf_10_ss_00_t_20.0,4.34,3840,2160,yuv420p,30.0,600,8,450636662
HDR_2160P-40ab_crf_10_ss_00_t_20.0,4.105,3840,2160,yuv420p,30.0,600,8,97022591
HDR_2160P-4dcd_crf_10_ss_00_t_20.0,3.763,3840,2160,yuv420p,30.0,600,8,386971196
HDR_2160P-5275_crf_10_ss_00_t_20.0,4.206,3840,2160,yuv420p,30.0,600,8,162377778
HDR_2160P-5926_crf_10_ss_00_t_20.0,4.386,3840,2160,yuv420p,30.0,600,8,507578037
HDR_2160P-5e25_crf_10_ss_00_t_20.0,4.209,3840,2160,yuv420p,30.0,600,8,150653810
HDR_2160P-664d_crf_10_ss_00_t_20.0,3.753,3840,2160,yuv420p,30.0,600,8,171124601
HDR_2160P-6ed1_crf_10_ss_00_t_20.0,3.724,3840,2160,yuv420p,30.0,600,8,302216000
HDR_2160P-6eeb_crf_10_ss_00_t_20.0,4.402,4096,2160,yuv420p,30.0,480,8,227592255
HDR_2160P-6fab_crf_10_ss_00_t_20.0,3.443,3840,2160,yuv420p,30.0,600,8,518384140
HDR_2160P-70ca_crf_10_ss_00_t_20.0,3.905,3840,2160,yuv420p,30.0,600,8,333319664
Sports_2160P-0455_crf_10_ss_00_t_20.0,4.287,3840,2160,yuv420p,30.0,600,8,246206318
Sports_2160P-086d_crf_10_ss_00_t_20.0,4.376,3840,2160,yuv420p,30.0,599,8,176525415
Sports_2160P-1261_crf_10_ss_00_t_20.0,4.114,3840,2160,yuv420p,30.0,600,8,80250438
Sports_2160P-1733_crf_10_ss_00_t_20.0,4.373,3840,2160,yuv420p,30.0,599,8,93094438
Sports_2160P-1b70_crf_10_ss_00_t_20.0,4.508,3840,2160,yuv420p,30.0,600,8,143999774
Sports_2160P-1ddc_crf_10_ss_00_t_20.0,3.466,3840,2160,yuv420p,30.0,600,8,82804340
Sports_2160P-210c_crf_10_ss_00_t_20.0,4.462,3840,2160,yuv420p,30.0,600,8,153525377
Sports_2160P-2626_crf_10_ss_00_t_20.0,4.388,3840,2160,yuv420p,30.0,600,8,217712907
Sports_2160P-279f_crf_10_ss_00_t_20.0,4.526,3840,2160,yuv420p,30.0,600,8,54122719
Sports_2160P-2a83_crf_10_ss_00_t_20.0,4.002,3840,2160,yuv420p,30.0,600,8,214104785
Sports_2160P-2e1d_crf_10_ss_00_t_20.0,4.457,3840,2160,yuv420p,30.0,600,8,229610517
Sports_2160P-300d_crf_10_ss_00_t_20.0,3.67,3840,2160,yuv420p,30.0,600,8,72201401
Sports_2160P-324e_crf_10_ss_00_t_20.0,4.317,3840,2160,yuv420p,30.0,599,8,145743242
Sports_2160P-349c_crf_10_ss_00_t_20.0,4.302,3840,2160,yuv420p,30.0,600,8,259922619
Sports_2160P-3794_crf_10_ss_00_t_20.0,3.158,3840,2160,yuv420p,30.0,600,8,398572520
Sports_2160P-391a_crf_10_ss_00_t_20.0,4.281,3840,2160,yuv420p,30.0,600,8,248632140
Sports_2160P-3a9a_crf_10_ss_00_t_20.0,3.633,3840,2160,yuv420p,30.0,600,8,217411556
Sports_2160P-3d85_crf_10_ss_00_t_20.0,4.517,3840,2160,yuv420p,30.0,600,8,255524760
Sports_2160P-4024_crf_10_ss_00_t_20.0,4.054,3840,2160,yuv420p,30.0,600,8,190588609
Sports_2160P-4201_crf_10_ss_00_t_20.0,4.012,3840,2160,yuv420p,30.0,599,8,45616717
Sports_2160P-49f1_crf_10_ss_00_t_20.0,4.287,3840,2160,yuv420p,30.0,600,8,181472347
Sports_2160P-4aae_crf_10_ss_00_t_20.0,4.323,3840,2160,yuv420p,30.0,600,8,102805189
Sports_2160P-4e9f_crf_10_ss_00_t_20.0,4.405,3840,2160,yuv420p,30.0,600,8,221859049
Sports_2160P-5ef3_crf_10_ss_00_t_20.0,4.209,3840,2160,yuv420p,30.0,600,8,300787728
Sports_2160P-69b9_crf_10_ss_00_t_20.0,4.564,3840,2160,yuv420p,30.0,599,8,104585799
Sports_2160P-6b28_crf_10_ss_00_t_20.0,4.391,3840,2160,yuv420p,30.0,600,8,53887470
Sports_2160P-7165_crf_10_ss_00_t_20.0,4.351,3840,2160,yuv420p,30.0,600,8,180922740
Sports_2160P-7a11_crf_10_ss_00_t_20.0,4.373,3840,2160,yuv420p,30.0,600,8,258275207
Sports_2160P-7af7_crf_10_ss_00_t_20.0,3.95,3840,2160,yuv420p,30.0,600,8,235094469
Sports_2160P-7af8_crf_10_ss_00_t_20.0,3.563,3840,2160,yuv420p,30.0,600,8,230449908
Sports_2160P-7bbe_crf_10_ss_00_t_20.0,4.343,3840,2160,yuv420p,30.0,600,8,250809002
VerticalVideo_2160P-6d62_crf_10_ss_00_t_20.0,4.199,2160,3840,yuv420p,30.0,599,8,119656573
Vlog_2160P-030a_crf_10_ss_00_t_20.0,2.448,3840,2160,yuv420p,30.0,599,8,207986763
Vlog_2160P-0577_crf_10_ss_00_t_20.0,4.27,3840,2160,yuv420p,30.0,600,8,302553634
Vlog_2160P-059c_crf_10_ss_00_t_20.0,4.441,3840,2160,yuv420p,30.0,600,8,95018604
Vlog_2160P-09c9_crf_10_ss_00_t_20.0,2.876,3840,2160,yuv420p,30.0,600,8,417648647
Vlog_2160P-13a1_crf_10_ss_00_t_20.0,3.859,3840,2160,yuv420p,30.0,600,8,101679761
Vlog_2160P-13fe_crf_10_ss_00_t_20.0,3.992,3840,2160,yuv420p,30.0,599,8,159739060
Vlog_2160P-19f9_crf_10_ss_00_t_20.0,3.919,3840,2160,yuv420p,30.0,599,8,142962089
Vlog_2160P-1ff6_crf_10_ss_00_t_20.0,3.29,3840,2160,yuv420p,30.0,599,8,161706560
Vlog_2160P-255c_crf_10_ss_00_t_20.0,4.443,3840,2160,yuv420p,30.0,600,8,34203141
Vlog_2160P-2953_crf_10_ss_00_t_20.0,3.467,3840,2160,yuv420p,30.0,599,8,195581655
Vlog_2160P-2b2d_crf_10_ss_00_t_20.0,3.906,3840,2160,yuv420p,30.0,599,8,152273418
Vlog_2160P-3019_crf_10_ss_00_t_20.0,4.578,3840,2160,yuv420p,30.0,600,8,183070768
Vlog_2160P-327a_crf_10_ss_00_t_20.0,3.983,3840,2160,yuv420p,30.0,600,8,95638304
Vlog_2160P-408f_crf_10_ss_00_t_20.0,3.79,3840,2160,yuv420p,30.0,600,8,104923917
Vlog_2160P-416c_crf_10_ss_00_t_20.0,4.019,3840,2160,yuv420p,30.0,599,8,90320023
Vlog_2160P-4362_crf_10_ss_00_t_20.0,4.554,3840,2160,yuv420p,30.0,600,8,134966073
Vlog_2160P-4419_crf_10_ss_00_t_20.0,4.324,3840,2160,yuv420p,30.0,599,8,179088523
Vlog_2160P-4655_crf_10_ss_00_t_20.0,3.887,3840,2160,yuv420p,30.0,599,8,128267366
Vlog_2160P-4f98_crf_10_ss_00_t_20.0,3.47,3840,2160,yuv420p,30.0,600,8,100229544
Vlog_2160P-5874_crf_10_ss_00_t_20.0,4.101,3840,2160,yuv420p,30.0,599,8,259887525
Vlog_2160P-62b2_crf_10_ss_00_t_20.0,3.39,3840,2160,yuv420p,30.0,599,8,136720643
Vlog_2160P-6629_crf_10_ss_00_t_20.0,4.27,3840,2160,yuv420p,30.0,600,8,215267107
Vlog_2160P-6f92_crf_10_ss_00_t_20.0,3.886,3840,2160,yuv420p,30.0,600,8,122181811
Vlog_2160P-70d6_crf_10_ss_00_t_20.0,3.067,3840,2160,yuv420p,30.0,600,8,325113818
Vlog_2160P-7324_crf_10_ss_00_t_20.0,4.194,3840,2160,yuv420p,30.0,600,8,113196772
Vlog_2160P-77d8_crf_10_ss_00_t_20.0,3.667,3840,2160,yuv420p,30.0,600,8,149067484
Vlog_2160P-7b10_crf_10_ss_00_t_20.0,3.864,3840,2160,yuv420p,30.0,599,8,146941524
Vlog_2160P-7b5c_crf_10_ss_00_t_20.0,3.61,3840,2160,yuv420p,30.0,599,8,120587033
Vlog_2160P-7f05_crf_10_ss_00_t_20.0,3.111,3840,2160,yuv420p,30.0,600,8,225630618
